inst#,actual,predicted,error,prediction
1,30:111,16:97,+,0.252
2,30:111,34:115,+,0.381
3,30:111,20:101,+,0.159
4,30:111,16:97,+,0.098
5,30:111,20:101,+,0.159
6,30:111,33:114,+,0.168
7,30:111,16:97,+,0.25
8,30:111,30:111,,0.277
9,30:111,33:114,+,0.168
10,30:111,20:101,+,0.221
11,30:111,20:101,+,0.159
12,30:111,16:97,+,0.252
13,30:111,16:97,+,0.25
14,30:111,20:101,+,0.159
15,30:111,16:97,+,0.308
16,30:111,20:101,+,0.124
17,30:111,20:101,+,0.124
18,30:111,20:101,+,0.159
19,30:111,20:101,+,0.125
20,30:111,20:101,+,0.159
21,35:116,20:101,+,0.159
22,35:116,20:101,+,0.124
23,35:116,12:54,+,0.153
24,35:116,20:101,+,0.124
25,35:116,20:101,+,0.333
26,35:116,20:101,+,0.113
27,35:116,33:114,+,0.168
28,35:116,20:101,+,0.124
29,35:116,20:101,+,0.124
30,35:116,33:114,+,0.168
31,35:116,33:114,+,0.168
32,28:109,1:8,+,0.141
33,28:109,20:101,+,0.128
34,28:109,31:112,+,0.375
35,28:109,28:109,,0.3
36,28:109,20:101,+,0.233
37,28:109,12:54,+,0.286
38,40:121,20:101,+,0.159
39,40:121,30:111,+,0.277
40,40:121,28:109,+,0.3
41,40:121,20:101,+,0.159
42,40:121,32:113,+,0.273
43,31:112,20:101,+,0.128
44,31:112,20:101,+,0.124
45,31:112,30:111,+,0.277
46,31:112,18:99,+,0.158
47,31:112,33:114,+,0.226
48,31:112,16:97,+,0.182
49,33:114,33:114,,0.168
50,33:114,16:97,+,0.333
51,33:114,16:97,+,0.091
52,33:114,20:101,+,0.333
53,33:114,20:101,+,0.333
54,33:114,20:101,+,0.113
55,33:114,33:114,,0.168
56,33:114,20:101,+,0.221
57,33:114,33:114,,0.226
58,33:114,20:101,+,0.124
59,33:114,20:101,+,0.124
60,33:114,20:101,+,0.221
61,33:114,19:100,+,0.185
62,33:114,33:114,,0.168
63,33:114,33:114,,0.168
64,33:114,20:101,+,0.113
65,3:44,1:8,+,0.141
66,3:44,20:101,+,0.159
67,3:44,4:45,+,0.269
68,3:44,16:97,+,0.178
69,3:44,30:111,+,0.277
70,6:48,15:57,+,0.351
71,6:48,35:116,+,0.231
72,6:48,15:57,+,0.351
73,6:48,20:101,+,0.128
74,6:48,12:54,+,0.313
75,34:115,20:101,+,0.221
76,34:115,17:98,+,0.278
77,34:115,19:100,+,0.185
78,34:115,20:101,+,0.128
79,34:115,20:101,+,0.239
80,34:115,20:101,+,0.128
81,34:115,20:101,+,0.333
82,34:115,20:101,+,0.239
83,34:115,20:101,+,0.124
84,34:115,20:101,+,0.128
85,34:115,16:97,+,0.138
86,34:115,29:110,+,0.5
87,34:115,20:101,+,0.124
88,34:115,20:101,+,0.239
89,34:115,16:97,+,0.182
90,34:115,4:45,+,0.269
91,5:46,42:161,+,0.333
92,5:46,42:161,+,0.333
93,5:46,20:101,+,0.125
94,29:110,20:101,+,0.159
95,29:110,13:55,+,0.193
96,29:110,20:101,+,0.124
97,29:110,20:101,+,0.221
98,29:110,20:101,+,0.239
99,29:110,20:101,+,0.239
100,29:110,33:114,+,0.168
101,29:110,20:101,+,0.124
102,29:110,20:101,+,0.25
103,29:110,20:101,+,0.124
104,29:110,20:101,+,0.124
105,29:110,30:111,+,0.25
106,29:110,20:101,+,0.124
107,27:108,20:101,+,0.159
108,27:108,16:97,+,0.182
109,27:108,20:101,+,0.159
110,27:108,20:101,+,0.159
111,27:108,30:111,+,0.277
112,27:108,20:101,+,0.125
113,27:108,20:101,+,0.333
114,27:108,20:101,+,0.124
115,27:108,30:111,+,0.25
116,27:108,20:101,+,0.221
117,27:108,20:101,+,0.124
118,20:101,16:97,+,0.308
119,20:101,33:114,+,0.168
120,20:101,33:114,+,0.168
121,20:101,20:101,,0.125
122,20:101,33:114,+,0.168
123,20:101,33:114,+,0.168
124,20:101,20:101,,0.25
125,20:101,20:101,,0.125
126,20:101,33:114,+,0.168
127,20:101,20:101,,0.128
128,20:101,20:101,,0.128
129,20:101,20:101,,0.239
130,20:101,20:101,,0.124
131,20:101,33:114,+,0.168
132,20:101,20:101,,0.159
133,20:101,20:101,,0.124
134,20:101,20:101,,0.124
135,20:101,20:101,,0.124
136,20:101,16:97,+,0.098
137,20:101,20:101,,0.128
138,20:101,34:115,+,0.556
139,20:101,20:101,,0.373
140,20:101,20:101,,0.124
141,20:101,20:101,,0.124
142,20:101,20:101,,0.159
143,20:101,20:101,,0.124
144,20:101,27:108,+,0.3
145,20:101,33:114,+,0.168
146,20:101,20:101,,0.128
147,20:101,16:97,+,0.321
148,20:101,1:8,+,0.455
149,20:101,20:101,,0.239
150,39:120,6:48,+,0.385
151,39:120,15:57,+,0.333
152,10:52,7:49,+,0.332
153,10:52,20:101,+,0.124
154,10:52,10:52,,0.545
155,10:52,9:51,+,0.444
156,44:241,32:113,+,0.273
157,44:241,30:111,+,0.476
158,44:241,26:107,+,0.238
159,1:8,1:8,,0.371
160,1:8,27:108,+,0.3
161,1:8,3:44,+,0.625
162,1:8,20:101,+,0.333
163,1:8,33:114,+,0.226
164,11:53,15:57,+,0.351
165,11:53,9:51,+,0.625
166,11:53,10:52,+,0.274
167,11:53,10:52,+,0.274
168,11:53,11:53,,0.625
169,16:97,20:101,+,0.128
170,16:97,20:101,+,0.239
171,16:97,20:101,+,0.221
172,16:97,20:101,+,0.221
173,16:97,20:101,+,0.373
174,16:97,16:97,,0.321
175,16:97,34:115,+,0.556
176,16:97,20:101,+,0.128
177,16:97,4:45,+,0.269
178,16:97,20:101,+,0.333
179,16:97,16:97,,0.098
180,16:97,20:101,+,0.124
181,16:97,20:101,+,0.333
182,16:97,16:97,,0.25
183,16:97,20:101,+,0.125
184,16:97,20:101,+,0.239
185,16:97,20:101,+,0.124
186,16:97,29:110,+,0.5
187,16:97,20:101,+,0.124
188,16:97,20:101,+,0.239
189,16:97,16:97,,0.182
190,16:97,20:101,+,0.373
191,16:97,20:101,+,0.221
192,16:97,20:101,+,0.124
193,32:113,20:101,+,0.333
194,32:113,28:109,+,0.3
195,32:113,20:101,+,0.239
196,32:113,20:101,+,0.124
197,8:50,7:49,+,0.332
198,8:50,20:101,+,0.221
199,8:50,7:49,+,0.458
200,8:50,12:54,+,0.313
201,8:50,10:52,+,0.545
202,9:51,20:101,+,0.124
203,9:51,20:101,+,0.124
204,9:51,7:49,+,0.332
205,9:51,10:52,+,0.274
206,21:102,20:101,+,0.124
207,21:102,32:113,+,0.273
208,21:102,16:97,+,0.182
209,41:122,41:122,,0.401
210,41:122,30:111,+,0.235
211,36:117,35:116,+,0.333
212,36:117,15:57,+,0.429
213,36:117,20:101,+,0.159
214,36:117,33:114,+,0.308
215,36:117,20:101,+,0.221
216,36:117,20:101,+,0.124
217,36:117,20:101,+,0.125
218,36:117,30:111,+,0.476
219,36:117,20:101,+,0.125
220,19:100,33:114,+,0.168
221,19:100,33:114,+,0.168
222,19:100,33:114,+,0.226
223,19:100,20:101,+,0.159
224,19:100,20:101,+,0.221
225,19:100,20:101,+,0.221
226,19:100,20:101,+,0.124
227,19:100,20:101,+,0.221
228,19:100,33:114,+,0.168
229,19:100,20:101,+,0.128
230,24:105,17:98,+,0.278
231,24:105,30:111,+,0.358
232,24:105,1:8,+,0.371
233,24:105,20:101,+,0.124
234,24:105,20:101,+,0.124
235,24:105,30:111,+,0.296
236,24:105,16:97,+,0.091
237,24:105,34:115,+,0.314
238,24:105,29:110,+,0.368
239,24:105,20:101,+,0.159
240,26:107,41:122,+,0.401
241,26:107,26:107,,0.238
242,22:103,44:241,+,0.261
243,22:103,33:114,+,0.168
244,22:103,30:111,+,0.476
245,22:103,20:101,+,0.124
246,13:55,20:101,+,0.124
247,13:55,10:52,+,0.324
248,13:55,14:56,+,0.416
249,13:55,11:53,+,0.625
250,17:98,20:101,+,0.124
251,17:98,20:101,+,0.159
252,17:98,37:118,+,0.32
253,17:98,17:98,,0.278
254,17:98,10:52,+,0.128
255,15:57,35:116,+,0.231
256,15:57,14:56,+,0.416
257,15:57,12:54,+,0.286
258,15:57,20:101,+,0.128
259,7:49,15:57,+,0.351
260,7:49,20:101,+,0.373
261,7:49,30:111,+,0.333
262,7:49,12:54,+,0.313
263,7:49,34:115,+,0.314
264,18:99,29:110,+,0.368
265,18:99,10:52,+,0.128
266,18:99,33:114,+,0.168
267,18:99,20:101,+,0.239
268,18:99,20:101,+,0.124
269,18:99,35:116,+,0.556
270,18:99,40:121,+,0.326
271,18:99,20:101,+,0.124
272,14:56,11:53,+,0.625
273,14:56,15:57,+,0.411
274,14:56,15:57,+,0.351
275,14:56,15:57,+,0.351
276,14:56,15:57,+,0.351
277,12:54,12:54,,0.313
278,12:54,11:53,+,0.625
279,12:54,10:52,+,0.545
280,12:54,15:57,+,0.411
281,38:119,20:101,+,0.25
282,38:119,31:112,+,0.375
283,23:104,30:111,+,0.25
284,23:104,20:101,+,0.128
285,25:106,18:99,+,0.158
286,25:106,40:121,+,0.204
287,25:106,1:8,+,0.141
288,4:45,20:101,+,0.25
289,37:118,13:55,+,0.121
290,37:118,18:99,+,0.158
291,37:118,20:101,+,0.239
292,37:118,20:101,+,0.571
293,42:161,1:8,+,0.141
294,43:180,4:45,+,0.269
1,30:111,20:101,+,0.136
2,30:111,3:44,+,0.714
3,30:111,29:110,+,0.25
4,30:111,20:101,+,0.129
5,30:111,27:108,+,0.209
6,30:111,17:98,+,0.333
7,30:111,30:111,,0.474
8,30:111,27:108,+,0.229
9,30:111,20:101,+,0.145
10,30:111,17:98,+,0.333
11,30:111,20:101,+,0.133
12,30:111,20:101,+,0.133
13,30:111,20:101,+,0.133
14,30:111,20:101,+,0.132
15,30:111,20:101,+,0.133
16,30:111,33:114,+,0.22
17,30:111,20:101,+,0.107
18,30:111,30:111,,0.236
19,30:111,20:101,+,0.133
20,30:111,20:101,+,0.145
21,35:116,30:111,+,0.222
22,35:116,20:101,+,0.145
23,35:116,20:101,+,0.254
24,35:116,20:101,+,0.136
25,35:116,33:114,+,0.22
26,35:116,20:101,+,0.145
27,35:116,20:101,+,0.107
28,35:116,20:101,+,0.254
29,35:116,35:116,,0.5
30,35:116,20:101,+,0.145
31,35:116,20:101,+,0.107
32,28:109,33:114,+,0.22
33,28:109,20:101,+,0.135
34,28:109,17:98,+,0.154
35,28:109,27:108,+,0.229
36,28:109,20:101,+,0.133
37,28:109,33:114,+,0.22
38,40:121,16:97,+,0.333
39,40:121,20:101,+,0.145
40,40:121,40:121,,0.36
41,40:121,37:118,+,0.375
42,40:121,20:101,+,0.4
43,31:112,27:108,+,0.209
44,31:112,20:101,+,0.133
45,31:112,25:106,+,0.218
46,31:112,20:101,+,0.113
47,31:112,40:121,+,0.36
48,31:112,30:111,+,0.381
49,33:114,33:114,,0.22
50,33:114,20:101,+,0.133
51,33:114,20:101,+,0.254
52,33:114,20:101,+,0.182
53,33:114,20:101,+,0.133
54,33:114,20:101,+,0.145
55,33:114,20:101,+,0.269
56,33:114,20:101,+,0.145
57,33:114,20:101,+,0.133
58,33:114,20:101,+,0.145
59,33:114,20:101,+,0.182
60,33:114,20:101,+,0.269
61,33:114,33:114,,0.118
62,33:114,20:101,+,0.133
63,33:114,20:101,+,0.133
64,33:114,20:101,+,0.122
65,3:44,20:101,+,0.136
66,3:44,16:97,+,0.333
67,3:44,13:55,+,0.251
68,3:44,20:101,+,0.122
69,3:44,27:108,+,0.229
70,6:48,15:57,+,0.421
71,6:48,20:101,+,0.133
72,6:48,32:113,+,0.282
73,6:48,15:57,+,0.421
74,34:115,20:101,+,0.133
75,34:115,20:101,+,0.254
76,34:115,20:101,+,0.136
77,34:115,20:101,+,0.133
78,34:115,20:101,+,0.145
79,34:115,20:101,+,0.254
80,34:115,20:101,+,0.133
81,34:115,20:101,+,0.136
82,34:115,34:115,,0.524
83,34:115,20:101,+,0.254
84,34:115,20:101,+,0.136
85,34:115,33:114,+,0.22
86,34:115,20:101,+,0.269
87,34:115,20:101,+,0.132
88,34:115,20:101,+,0.227
89,34:115,20:101,+,0.133
90,34:115,20:101,+,0.145
91,5:46,5:46,,0.375
92,5:46,3:44,+,0.714
93,5:46,20:101,+,0.136
94,29:110,20:101,+,0.133
95,29:110,1:8,+,0.435
96,29:110,20:101,+,0.145
97,29:110,27:108,+,0.229
98,29:110,20:101,+,0.145
99,29:110,20:101,+,0.132
100,29:110,20:101,+,0.145
101,29:110,30:111,+,0.473
102,29:110,20:101,+,0.122
103,29:110,20:101,+,0.269
104,29:110,20:101,+,0.133
105,29:110,5:46,+,0.274
106,27:108,16:97,+,0.448
107,27:108,20:101,+,0.227
108,27:108,27:108,,0.209
109,27:108,20:101,+,0.136
110,27:108,20:101,+,0.145
111,27:108,20:101,+,0.254
112,27:108,20:101,+,0.145
113,27:108,20:101,+,0.107
114,27:108,27:108,,0.444
115,27:108,20:101,+,0.145
116,27:108,20:101,+,0.136
117,27:108,34:115,+,0.462
118,20:101,30:111,+,0.236
119,20:101,20:101,,0.254
120,20:101,30:111,+,0.236
121,20:101,20:101,,0.145
122,20:101,20:101,,0.145
123,20:101,20:101,,0.133
124,20:101,20:101,,0.136
125,20:101,20:101,,0.145
126,20:101,20:101,,0.136
127,20:101,20:101,,0.107
128,20:101,33:114,+,0.3
129,20:101,20:101,,0.132
130,20:101,20:101,,0.182
131,20:101,33:114,+,0.316
132,20:101,37:118,+,0.115
133,20:101,20:101,,0.133
134,20:101,20:101,,0.254
135,20:101,27:108,+,0.229
136,20:101,27:108,+,0.229
137,20:101,20:101,,0.308
138,20:101,34:115,+,0.524
139,20:101,33:114,+,0.22
140,20:101,20:101,,0.135
141,20:101,34:115,+,0.278
142,20:101,20:101,,0.145
143,20:101,20:101,,0.136
144,20:101,20:101,,0.254
145,20:101,20:101,,0.145
146,20:101,16:97,+,0.448
147,20:101,20:101,,0.145
148,20:101,20:101,,0.122
149,20:101,20:101,,0.145
150,39:120,25:106,+,0.218
151,39:120,32:113,+,0.364
152,10:52,20:101,+,0.133
153,10:52,12:54,+,0.205
154,10:52,9:51,+,0.407
155,10:52,3:44,+,0.185
156,44:241,37:118,+,0.156
157,44:241,26:107,+,0.25
158,44:241,28:109,+,0.25
159,1:8,16:97,+,0.333
160,1:8,34:115,+,0.462
161,1:8,27:108,+,0.209
162,1:8,7:49,+,0.229
163,1:8,20:101,+,0.227
164,11:53,11:53,,0.22
165,11:53,12:54,+,0.254
166,11:53,11:53,,0.5
167,11:53,9:51,+,0.407
168,16:97,20:101,+,0.145
169,16:97,20:101,+,0.128
170,16:97,17:98,+,0.333
171,16:97,30:111,+,0.222
172,16:97,20:101,+,0.122
173,16:97,20:101,+,0.145
174,16:97,20:101,+,0.122
175,16:97,20:101,+,0.269
176,16:97,20:101,+,0.136
177,16:97,20:101,+,0.145
178,16:97,20:101,+,0.4
179,16:97,20:101,+,0.133
180,16:97,12:54,+,0.205
181,16:97,20:101,+,0.145
182,16:97,20:101,+,0.398
183,16:97,20:101,+,0.128
184,16:97,20:101,+,0.133
185,16:97,33:114,+,0.22
186,16:97,34:115,+,0.333
187,16:97,20:101,+,0.133
188,16:97,16:97,,0.448
189,16:97,20:101,+,0.145
190,16:97,34:115,+,0.462
191,16:97,20:101,+,0.133
192,16:97,20:101,+,0.133
193,32:113,37:118,+,0.156
194,32:113,12:54,+,0.205
195,32:113,12:54,+,0.205
196,32:113,20:101,+,0.571
197,8:50,20:101,+,0.308
198,8:50,9:51,+,0.4
199,8:50,7:49,+,0.352
200,8:50,8:50,,0.714
201,8:50,20:101,+,0.145
202,9:51,12:54,+,0.254
203,9:51,9:51,,0.4
204,9:51,9:51,,0.407
205,9:51,7:49,+,0.352
206,21:102,20:101,+,0.145
207,21:102,37:118,+,0.156
208,21:102,25:106,+,0.218
209,41:122,37:118,+,0.156
210,41:122,37:118,+,0.156
211,36:117,30:111,+,0.474
212,36:117,30:111,+,0.381
213,36:117,20:101,+,0.145
214,36:117,6:48,+,0.214
215,36:117,20:101,+,0.142
216,36:117,16:97,+,0.448
217,36:117,16:97,+,0.448
218,36:117,20:101,+,0.254
219,36:117,35:116,+,0.5
220,19:100,33:114,+,0.316
221,19:100,33:114,+,0.316
222,19:100,20:101,+,0.145
223,19:100,20:101,+,0.136
224,19:100,20:101,+,0.254
225,19:100,20:101,+,0.254
226,19:100,30:111,+,0.473
227,19:100,20:101,+,0.254
228,19:100,20:101,+,0.145
229,19:100,20:101,+,0.243
230,24:105,20:101,+,0.133
231,24:105,24:105,,0.3
232,24:105,20:101,+,0.133
233,24:105,20:101,+,0.106
234,24:105,20:101,+,0.135
235,24:105,20:101,+,0.145
236,24:105,30:111,+,0.474
237,24:105,20:101,+,0.136
238,24:105,20:101,+,0.129
239,24:105,20:101,+,0.269
240,26:107,32:113,+,0.364
241,26:107,28:109,+,0.25
242,22:103,20:101,+,0.133
243,22:103,20:101,+,0.145
244,22:103,37:118,+,0.156
245,22:103,20:101,+,0.106
246,13:55,11:53,+,0.364
247,13:55,13:55,,0.251
248,13:55,30:111,+,0.473
249,13:55,13:55,,0.415
250,17:98,20:101,+,0.136
251,17:98,37:118,+,0.156
252,17:98,20:101,+,0.133
253,17:98,32:113,+,0.364
254,17:98,32:113,+,0.364
255,15:57,13:55,+,0.446
256,15:57,12:54,+,0.254
257,15:57,12:54,+,0.205
258,15:57,15:57,,0.421
259,7:49,16:97,+,0.147
260,7:49,7:49,,0.373
261,7:49,20:101,+,0.308
262,7:49,7:49,,0.399
263,7:49,12:54,+,0.205
264,18:99,20:101,+,0.136
265,18:99,20:101,+,0.145
266,18:99,20:101,+,0.145
267,18:99,20:101,+,0.254
268,18:99,20:101,+,0.25
269,18:99,25:106,+,0.218
270,18:99,20:101,+,0.145
271,18:99,35:116,+,0.333
272,14:56,12:54,+,0.254
273,14:56,6:48,+,0.214
274,14:56,12:54,+,0.254
275,14:56,13:55,+,0.308
276,14:56,6:48,+,0.5
277,12:54,13:55,+,0.415
278,12:54,11:53,+,0.364
279,12:54,20:101,+,0.133
280,12:54,20:101,+,0.133
281,38:119,25:106,+,0.218
282,38:119,32:113,+,0.282
283,23:104,20:101,+,0.145
284,23:104,20:101,+,0.145
285,25:106,20:101,+,0.254
286,25:106,37:118,+,0.156
287,25:106,40:121,+,0.36
288,4:45,5:46,+,0.274
289,37:118,20:101,+,0.136
290,37:118,20:101,+,0.136
291,37:118,32:113,+,0.364
292,37:118,33:114,+,0.5
293,42:161,3:44,+,0.441
1,30:111,20:101,+,0.129
2,30:111,20:101,+,0.129
3,30:111,33:114,+,0.136
4,30:111,20:101,+,0.129
5,30:111,30:111,,0.16
6,30:111,20:101,+,0.304
7,30:111,20:101,+,0.129
8,30:111,33:114,+,0.136
9,30:111,6:48,+,0.426
10,30:111,20:101,+,0.247
11,30:111,20:101,+,0.214
12,30:111,27:108,+,0.294
13,30:111,20:101,+,0.129
14,30:111,20:101,+,0.129
15,30:111,20:101,+,0.247
16,30:111,27:108,+,0.294
17,30:111,29:110,+,0.429
18,30:111,40:121,+,0.258
19,30:111,33:114,+,0.205
20,35:116,33:114,+,0.136
21,35:116,15:57,+,0.417
22,35:116,20:101,+,0.19
23,35:116,20:101,+,0.247
24,35:116,16:97,+,0.171
25,35:116,20:101,+,0.214
26,35:116,33:114,+,0.205
27,35:116,20:101,+,0.129
28,35:116,33:114,+,0.205
29,35:116,16:97,+,0.099
30,35:116,16:97,+,0.267
31,35:116,20:101,+,0.256
32,28:109,30:111,+,0.313
33,28:109,12:54,+,0.152
34,28:109,20:101,+,0.247
35,28:109,6:48,+,0.281
36,28:109,30:111,+,0.486
37,28:109,16:97,+,0.347
38,40:121,20:101,+,0.129
39,40:121,33:114,+,0.4
40,40:121,26:107,+,0.333
41,40:121,36:117,+,0.231
42,40:121,20:101,+,0.304
43,31:112,20:101,+,0.206
44,31:112,20:101,+,0.129
45,31:112,29:110,+,0.333
46,31:112,20:101,+,0.129
47,31:112,27:108,+,0.5
48,31:112,20:101,+,0.129
49,33:114,20:101,+,0.129
50,33:114,33:114,,0.205
51,33:114,20:101,+,0.304
52,33:114,24:105,+,0.303
53,33:114,30:111,+,0.109
54,33:114,20:101,+,0.129
55,33:114,20:101,+,0.129
56,33:114,20:101,+,0.129
57,33:114,34:115,+,0.3
58,33:114,33:114,,0.316
59,33:114,20:101,+,0.306
60,33:114,16:97,+,0.333
61,33:114,16:97,+,0.333
62,33:114,20:101,+,0.256
63,33:114,27:108,+,0.267
64,33:114,33:114,,0.316
65,3:44,1:8,+,0.333
66,3:44,24:105,+,0.286
67,3:44,5:46,+,0.629
68,3:44,4:45,+,0.333
69,3:44,7:49,+,0.313
70,6:48,16:97,+,0.26
71,6:48,16:97,+,0.26
72,6:48,33:114,+,0.218
73,6:48,6:48,,0.467
74,34:115,20:101,+,0.247
75,34:115,3:44,+,0.158
76,34:115,20:101,+,0.129
77,34:115,20:101,+,0.129
78,34:115,20:101,+,0.19
79,34:115,20:101,+,0.129
80,34:115,20:101,+,0.174
81,34:115,30:111,+,0.109
82,34:115,20:101,+,0.247
83,34:115,34:115,,0.333
84,34:115,20:101,+,0.247
85,34:115,20:101,+,0.129
86,34:115,20:101,+,0.214
87,34:115,20:101,+,0.174
88,34:115,20:101,+,0.256
89,34:115,20:101,+,0.129
90,34:115,40:121,+,0.258
91,5:46,16:97,+,0.116
92,5:46,27:108,+,0.325
93,5:46,20:101,+,0.247
94,29:110,27:108,+,0.325
95,29:110,20:101,+,0.253
96,29:110,33:114,+,0.136
97,29:110,16:97,+,0.288
98,29:110,30:111,+,0.16
99,29:110,29:110,,0.333
100,29:110,29:110,,0.333
101,29:110,20:101,+,0.247
102,29:110,20:101,+,0.129
103,29:110,33:114,+,0.205
104,29:110,20:101,+,0.306
105,29:110,20:101,+,0.444
106,27:108,34:115,+,0.165
107,27:108,27:108,,0.294
108,27:108,30:111,+,0.258
109,27:108,30:111,+,0.109
110,27:108,3:44,+,0.158
111,27:108,16:97,+,0.333
112,27:108,40:121,+,0.258
113,27:108,40:121,+,0.258
114,27:108,20:101,+,0.256
115,27:108,16:97,+,0.288
116,27:108,27:108,,0.5
117,20:101,20:101,,0.206
118,20:101,20:101,,0.247
119,20:101,16:97,+,0.26
120,20:101,30:111,+,0.256
121,20:101,20:101,,0.206
122,20:101,20:101,,0.129
123,20:101,16:97,+,0.171
124,20:101,20:101,,0.206
125,20:101,24:105,+,0.218
126,20:101,30:111,+,0.16
127,20:101,35:116,+,0.375
128,20:101,30:111,+,0.256
129,20:101,20:101,,0.129
130,20:101,16:97,+,0.267
131,20:101,16:97,+,0.333
132,20:101,29:110,+,0.333
133,20:101,30:111,+,0.256
134,20:101,20:101,,0.129
135,20:101,20:101,,0.19
136,20:101,20:101,,0.247
137,20:101,20:101,,0.306
138,20:101,20:101,,0.246
139,20:101,33:114,+,0.205
140,20:101,20:101,,0.206
141,20:101,20:101,,0.247
142,20:101,30:111,+,0.147
143,20:101,30:111,+,0.258
144,20:101,24:105,+,0.333
145,20:101,16:97,+,0.267
146,20:101,20:101,,0.129
147,20:101,20:101,,0.129
148,20:101,20:101,,0.129
149,20:101,36:117,+,0.231
150,39:120,38:119,+,0.282
151,39:120,20:101,+,0.615
152,10:52,20:101,+,0.129
153,10:52,9:51,+,0.382
154,10:52,8:50,+,0.267
155,10:52,11:53,+,0.429
156,44:241,27:108,+,0.325
157,44:241,6:48,+,0.281
158,1:8,1:8,,0.286
159,1:8,15:57,+,0.417
160,1:8,20:101,+,0.247
161,1:8,16:97,+,0.231
162,1:8,3:44,+,0.417
163,1:8,30:111,+,0.109
164,11:53,15:57,+,0.269
165,11:53,20:101,+,0.246
166,11:53,11:53,,0.429
167,11:53,6:48,+,0.467
168,16:97,20:101,+,0.19
169,16:97,20:101,+,0.129
170,16:97,20:101,+,0.247
171,16:97,20:101,+,0.214
172,16:97,27:108,+,0.267
173,16:97,20:101,+,0.356
174,16:97,20:101,+,0.174
175,16:97,20:101,+,0.247
176,16:97,33:114,+,0.205
177,16:97,27:108,+,0.325
178,16:97,16:97,,0.16
179,16:97,33:114,+,0.136
180,16:97,33:114,+,0.136
181,16:97,20:101,+,0.129
182,16:97,20:101,+,0.256
183,16:97,20:101,+,0.306
184,16:97,20:101,+,0.256
185,16:97,24:105,+,0.303
186,16:97,16:97,,0.26
187,16:97,35:116,+,0.375
188,16:97,33:114,+,0.136
189,16:97,20:101,+,0.129
190,16:97,20:101,+,0.306
191,16:97,20:101,+,0.256
192,16:97,16:97,,0.429
193,32:113,20:101,+,0.247
194,32:113,16:97,+,0.255
195,32:113,22:103,+,0.244
196,32:113,18:99,+,0.26
197,8:50,7:49,+,0.491
198,8:50,9:51,+,0.382
199,8:50,15:57,+,0.269
200,8:50,9:51,+,0.382
201,8:50,12:54,+,0.261
202,9:51,9:51,,0.382
203,9:51,13:55,+,0.284
204,9:51,7:49,+,0.491
205,9:51,9:51,,0.382
206,21:102,16:97,+,0.333
207,21:102,3:44,+,0.158
208,21:102,27:108,+,0.5
209,41:122,20:101,+,0.247
210,41:122,20:101,+,0.253
211,36:117,30:111,+,0.109
212,36:117,27:108,+,0.294
213,36:117,20:101,+,0.129
214,36:117,40:121,+,0.258
215,36:117,33:114,+,0.205
216,36:117,16:97,+,0.243
217,36:117,33:114,+,0.136
218,36:117,27:108,+,0.325
219,19:100,20:101,+,0.129
220,19:100,20:101,+,0.129
221,19:100,20:101,+,0.247
222,19:100,20:101,+,0.247
223,19:100,27:108,+,0.5
224,19:100,20:101,+,0.346
225,19:100,33:114,+,0.136
226,19:100,20:101,+,0.247
227,19:100,30:111,+,0.256
228,19:100,20:101,+,0.129
229,19:100,20:101,+,0.129
230,24:105,20:101,+,0.129
231,24:105,20:101,+,0.129
232,24:105,33:114,+,0.205
233,24:105,16:97,+,0.267
234,24:105,27:108,+,0.5
235,24:105,20:101,+,0.129
236,24:105,20:101,+,0.152
237,24:105,16:97,+,0.26
238,24:105,33:114,+,0.205
239,24:105,20:101,+,0.129
240,26:107,18:99,+,0.26
241,26:107,22:103,+,0.244
242,22:103,18:99,+,0.26
243,22:103,35:116,+,0.375
244,22:103,34:115,+,0.64
245,22:103,32:113,+,0.404
246,13:55,11:53,+,0.429
247,13:55,15:57,+,0.273
248,13:55,14:56,+,0.333
249,13:55,15:57,+,0.273
250,17:98,6:48,+,0.281
251,17:98,41:122,+,0.361
252,17:98,20:101,+,0.129
253,17:98,30:111,+,0.258
254,17:98,20:101,+,0.174
255,15:57,14:56,+,0.407
256,15:57,6:48,+,0.467
257,15:57,15:57,,0.269
258,15:57,6:48,+,0.281
259,7:49,9:51,+,0.382
260,7:49,8:50,+,0.267
261,7:49,9:51,+,0.382
262,7:49,34:115,+,0.333
263,7:49,9:51,+,0.382
264,18:99,20:101,+,0.129
265,18:99,20:101,+,0.19
266,18:99,20:101,+,0.306
267,18:99,27:108,+,0.308
268,18:99,30:111,+,0.25
269,18:99,33:114,+,0.136
270,18:99,7:49,+,0.491
271,18:99,20:101,+,0.214
272,14:56,15:57,+,0.273
273,14:56,33:114,+,0.218
274,14:56,14:56,,0.407
275,14:56,13:55,+,0.444
276,14:56,16:97,+,0.231
277,12:54,12:54,,0.221
278,12:54,14:56,+,0.407
279,12:54,11:53,+,0.429
280,12:54,3:44,+,0.158
281,38:119,26:107,+,0.333
282,23:104,36:117,+,0.231
283,23:104,25:106,+,0.3
284,23:104,20:101,+,0.129
285,25:106,22:103,+,0.487
286,25:106,32:113,+,0.227
287,4:45,16:97,+,0.34
288,37:118,6:48,+,0.426
289,37:118,6:48,+,0.281
290,37:118,32:113,+,0.227
291,37:118,33:114,+,0.136
292,37:118,28:109,+,0.252
293,42:161,31:112,+,0.5
1,30:111,16:97,+,0.116
2,30:111,20:101,+,0.155
3,30:111,3:44,+,0.211
4,30:111,20:101,+,0.155
5,30:111,20:101,+,0.155
6,30:111,24:105,+,0.222
7,30:111,20:101,+,0.253
8,30:111,20:101,+,0.155
9,30:111,16:97,+,0.116
10,30:111,20:101,+,0.253
11,30:111,20:101,+,0.286
12,30:111,30:111,,0.409
13,30:111,20:101,+,0.155
14,30:111,20:101,+,0.155
15,30:111,33:114,+,0.198
16,30:111,16:97,+,0.116
17,30:111,20:101,+,0.155
18,30:111,20:101,+,0.155
19,30:111,16:97,+,0.116
20,35:116,24:105,+,0.417
21,35:116,20:101,+,0.155
22,35:116,20:101,+,0.155
23,35:116,20:101,+,0.229
24,35:116,33:114,+,0.198
25,35:116,24:105,+,0.222
26,35:116,16:97,+,0.116
27,35:116,20:101,+,0.155
28,35:116,20:101,+,0.155
29,35:116,20:101,+,0.155
30,35:116,20:101,+,0.5
31,35:116,24:105,+,0.222
32,28:109,20:101,+,0.155
33,28:109,33:114,+,0.185
34,28:109,22:103,+,0.168
35,28:109,20:101,+,0.155
36,28:109,17:98,+,0.2
37,28:109,20:101,+,0.155
38,40:121,15:57,+,0.094
39,40:121,38:119,+,0.328
40,40:121,16:97,+,0.116
41,40:121,20:101,+,0.12
42,40:121,20:101,+,0.155
43,31:112,37:118,+,0.271
44,31:112,27:108,+,0.4
45,31:112,20:101,+,0.12
46,31:112,16:97,+,0.116
47,31:112,22:103,+,0.168
48,31:112,20:101,+,0.155
49,33:114,20:101,+,0.155
50,33:114,20:101,+,0.155
51,33:114,34:115,+,0.333
52,33:114,33:114,,0.122
53,33:114,24:105,+,0.222
54,33:114,33:114,,0.122
55,33:114,33:114,,0.198
56,33:114,20:101,+,0.155
57,33:114,33:114,,0.259
58,33:114,20:101,+,0.155
59,33:114,22:103,+,0.126
60,33:114,33:114,,0.198
61,33:114,20:101,+,0.155
62,33:114,24:105,+,0.222
63,33:114,16:97,+,0.116
64,33:114,16:97,+,0.116
65,3:44,3:44,,0.211
66,3:44,20:101,+,0.253
67,3:44,20:101,+,0.253
68,3:44,20:101,+,0.155
69,3:44,20:101,+,0.155
70,6:48,6:48,,0.246
71,6:48,6:48,,0.246
72,6:48,15:57,+,0.26
73,6:48,20:101,+,0.12
74,34:115,20:101,+,0.253
75,34:115,16:97,+,0.116
76,34:115,20:101,+,0.155
77,34:115,16:97,+,0.116
78,34:115,20:101,+,0.155
79,34:115,20:101,+,0.253
80,34:115,20:101,+,0.155
81,34:115,33:114,+,0.122
82,34:115,6:48,+,0.246
83,34:115,20:101,+,0.155
84,34:115,33:114,+,0.259
85,34:115,5:46,+,0.4
86,34:115,34:115,,0.4
87,34:115,33:114,+,0.198
88,34:115,20:101,+,0.155
89,34:115,20:101,+,0.155
90,34:115,16:97,+,0.116
91,5:46,16:97,+,0.116
92,5:46,20:101,+,0.182
93,5:46,20:101,+,0.253
94,29:110,16:97,+,0.114
95,29:110,20:101,+,0.155
96,29:110,20:101,+,0.182
97,29:110,30:111,+,0.286
98,29:110,16:97,+,0.116
99,29:110,16:97,+,0.116
100,29:110,33:114,+,0.198
101,29:110,30:111,+,0.286
102,29:110,5:46,+,0.4
103,29:110,16:97,+,0.116
104,29:110,20:101,+,0.155
105,29:110,20:101,+,0.429
106,27:108,3:44,+,0.211
107,27:108,16:97,+,0.257
108,27:108,30:111,+,0.284
109,27:108,20:101,+,0.253
110,27:108,20:101,+,0.155
111,27:108,15:57,+,0.094
112,27:108,30:111,+,0.286
113,27:108,16:97,+,0.357
114,27:108,16:97,+,0.116
115,27:108,16:97,+,0.116
116,27:108,30:111,+,0.429
117,20:101,33:114,+,0.198
118,20:101,16:97,+,0.116
119,20:101,13:55,+,0.191
120,20:101,20:101,,0.253
121,20:101,16:97,+,0.116
122,20:101,33:114,+,0.122
123,20:101,34:115,+,0.333
124,20:101,16:97,+,0.116
125,20:101,15:57,+,0.094
126,20:101,33:114,+,0.286
127,20:101,35:116,+,0.714
128,20:101,20:101,,0.155
129,20:101,6:48,+,0.208
130,20:101,4:45,+,0.333
131,20:101,20:101,,0.155
132,20:101,16:97,+,0.116
133,20:101,33:114,+,0.259
134,20:101,20:101,,0.155
135,20:101,16:97,+,0.114
136,20:101,20:101,,0.155
137,20:101,33:114,+,0.198
138,20:101,16:97,+,0.116
139,20:101,20:101,,0.155
140,20:101,40:121,+,0.344
141,20:101,20:101,,0.182
142,20:101,16:97,+,0.114
143,20:101,6:48,+,0.246
144,20:101,33:114,+,0.122
145,20:101,16:97,+,0.116
146,20:101,17:98,+,0.263
147,20:101,33:114,+,0.122
148,20:101,20:101,,0.5
149,20:101,20:101,,0.182
150,39:120,18:99,+,0.2
151,39:120,18:99,+,0.2
152,10:52,20:101,+,0.155
153,10:52,10:52,,0.442
154,10:52,20:101,+,0.155
155,10:52,11:53,+,0.667
156,44:241,1:8,+,0.364
157,44:241,31:112,+,0.308
158,1:8,34:115,+,0.333
159,1:8,20:101,+,0.253
160,1:8,1:8,,0.364
161,1:8,15:57,+,0.571
162,1:8,3:44,+,0.211
163,1:8,20:101,+,0.253
164,11:53,8:50,+,0.667
165,11:53,15:57,+,0.26
166,11:53,6:48,+,0.246
167,11:53,12:54,+,0.429
168,16:97,16:97,,0.357
169,16:97,17:98,+,0.228
170,16:97,20:101,+,0.182
171,16:97,6:48,+,0.208
172,16:97,16:97,,0.116
173,16:97,41:122,+,0.194
174,16:97,33:114,+,0.198
175,16:97,20:101,+,0.155
176,16:97,20:101,+,0.182
177,16:97,7:49,+,0.444
178,16:97,16:97,,0.115
179,16:97,20:101,+,0.155
180,16:97,20:101,+,0.155
181,16:97,20:101,+,0.155
182,16:97,20:101,+,0.155
183,16:97,20:101,+,0.155
184,16:97,16:97,,0.115
185,16:97,20:101,+,0.253
186,16:97,20:101,+,0.155
187,16:97,20:101,+,0.155
188,16:97,33:114,+,0.273
189,16:97,6:48,+,0.208
190,16:97,1:8,+,0.398
191,16:97,33:114,+,0.185
192,16:97,35:116,+,0.714
193,32:113,22:103,+,0.168
194,32:113,20:101,+,0.253
195,32:113,40:121,+,0.384
196,32:113,20:101,+,0.286
197,8:50,9:51,+,0.438
198,8:50,7:49,+,0.417
199,8:50,20:101,+,0.253
200,8:50,11:53,+,0.429
201,8:50,7:49,+,0.417
202,9:51,20:101,+,0.155
203,9:51,11:53,+,0.429
204,9:51,20:101,+,0.155
205,9:51,7:49,+,0.417
206,21:102,33:114,+,0.273
207,21:102,31:112,+,0.308
208,21:102,20:101,+,0.155
209,41:122,41:122,,0.218
210,41:122,18:99,+,0.2
211,36:117,20:101,+,0.429
212,36:117,33:114,+,0.198
213,36:117,33:114,+,0.198
214,36:117,17:98,+,0.263
215,36:117,20:101,+,0.155
216,36:117,20:101,+,0.286
217,36:117,22:103,+,0.222
218,36:117,16:97,+,0.116
219,19:100,20:101,+,0.155
220,19:100,11:53,+,0.431
221,19:100,33:114,+,0.198
222,19:100,20:101,+,0.155
223,19:100,16:97,+,0.116
224,19:100,20:101,+,0.155
225,19:100,20:101,+,0.155
226,19:100,20:101,+,0.155
227,19:100,20:101,+,0.273
228,19:100,33:114,+,0.273
229,19:100,20:101,+,0.155
230,24:105,33:114,+,0.122
231,24:105,33:114,+,0.198
232,24:105,20:101,+,0.155
233,24:105,16:97,+,0.357
234,24:105,3:44,+,0.211
235,24:105,20:101,+,0.155
236,24:105,11:53,+,0.227
237,24:105,33:114,+,0.259
238,24:105,16:97,+,0.116
239,24:105,11:53,+,0.222
240,26:107,30:111,+,0.429
241,22:103,16:97,+,0.341
242,22:103,33:114,+,0.122
243,22:103,20:101,+,0.155
244,22:103,16:97,+,0.116
245,22:103,20:101,+,0.182
246,13:55,27:108,+,0.232
247,13:55,15:57,+,0.571
248,13:55,15:57,+,0.26
249,13:55,20:101,+,0.155
250,17:98,20:101,+,0.155
251,17:98,16:97,+,0.341
252,17:98,18:99,+,0.2
253,17:98,6:48,+,0.246
254,17:98,3:44,+,0.211
255,15:57,6:48,+,0.246
256,15:57,6:48,+,0.246
257,15:57,6:48,+,0.246
258,15:57,6:48,+,0.246
259,7:49,11:53,+,0.429
260,7:49,8:50,+,0.667
261,7:49,11:53,+,0.375
262,7:49,20:101,+,0.155
263,7:49,7:49,,0.442
264,18:99,20:101,+,0.155
265,18:99,33:114,+,0.198
266,18:99,22:103,+,0.168
267,18:99,33:114,+,0.122
268,18:99,20:101,+,0.273
269,18:99,20:101,+,0.253
270,18:99,22:103,+,0.168
271,18:99,20:101,+,0.155
272,14:56,20:101,+,0.155
273,14:56,12:54,+,0.429
274,14:56,6:48,+,0.246
275,14:56,6:48,+,0.246
276,12:54,20:101,+,0.265
277,12:54,11:53,+,0.227
278,12:54,13:55,+,0.667
279,12:54,6:48,+,0.246
280,12:54,12:54,,0.625
281,38:119,41:122,+,0.218
282,23:104,17:98,+,0.222
283,23:104,20:101,+,0.155
284,23:104,20:101,+,0.429
285,25:106,18:99,+,0.2
286,25:106,22:103,+,0.168
287,4:45,3:44,+,0.314
288,37:118,16:97,+,0.116
289,37:118,17:98,+,0.2
290,37:118,20:101,+,0.12
291,37:118,17:98,+,0.263
292,37:118,41:122,+,0.218
293,42:161,34:115,+,0.333
1,30:111,20:101,+,0.163
2,30:111,20:101,+,0.127
3,30:111,20:101,+,0.163
4,30:111,30:111,,0.247
5,30:111,20:101,+,0.163
6,30:111,20:101,+,0.136
7,30:111,20:101,+,0.163
8,30:111,12:54,+,0.131
9,30:111,20:101,+,0.127
10,30:111,14:56,+,0.301
11,30:111,20:101,+,0.163
12,30:111,20:101,+,0.163
13,30:111,20:101,+,0.137
14,30:111,20:101,+,0.163
15,30:111,30:111,,0.247
16,30:111,30:111,,0.247
17,30:111,12:54,+,0.265
18,30:111,30:111,,0.247
19,30:111,33:114,+,0.179
20,35:116,33:114,+,0.122
21,35:116,20:101,+,0.136
22,35:116,20:101,+,0.163
23,35:116,20:101,+,0.153
24,35:116,20:101,+,0.163
25,35:116,20:101,+,0.163
26,35:116,20:101,+,0.127
27,35:116,20:101,+,0.136
28,35:116,20:101,+,0.136
29,35:116,16:97,+,0.393
30,35:116,20:101,+,0.127
31,35:116,20:101,+,0.163
32,28:109,20:101,+,0.163
33,28:109,21:102,+,0.217
34,28:109,20:101,+,0.163
35,28:109,18:99,+,0.333
36,28:109,20:101,+,0.127
37,28:109,20:101,+,0.163
38,40:121,23:104,+,0.639
39,40:121,20:101,+,0.136
40,40:121,20:101,+,0.136
41,40:121,22:103,+,0.274
42,40:121,33:114,+,0.389
43,31:112,20:101,+,0.137
44,31:112,20:101,+,0.127
45,31:112,20:101,+,0.163
46,31:112,20:101,+,0.163
47,31:112,20:101,+,0.127
48,31:112,20:101,+,0.163
49,33:114,20:101,+,0.163
50,33:114,20:101,+,0.163
51,33:114,20:101,+,0.163
52,33:114,33:114,,0.122
53,33:114,20:101,+,0.163
54,33:114,1:8,+,0.25
55,33:114,20:101,+,0.163
56,33:114,33:114,,0.323
57,33:114,20:101,+,0.163
58,33:114,16:97,+,0.096
59,33:114,20:101,+,0.136
60,33:114,20:101,+,0.163
61,33:114,20:101,+,0.153
62,33:114,20:101,+,0.153
63,33:114,20:101,+,0.127
64,33:114,20:101,+,0.137
65,3:44,20:101,+,0.163
66,3:44,20:101,+,0.163
67,3:44,34:115,+,0.5
68,3:44,20:101,+,0.163
69,3:44,20:101,+,0.136
70,6:48,6:48,,0.322
71,6:48,6:48,,0.322
72,6:48,20:101,+,0.153
73,6:48,6:48,,0.375
74,34:115,20:101,+,0.136
75,34:115,20:101,+,0.153
76,34:115,20:101,+,0.136
77,34:115,20:101,+,0.163
78,34:115,34:115,,0.5
79,34:115,20:101,+,0.163
80,34:115,33:114,+,0.122
81,34:115,20:101,+,0.136
82,34:115,20:101,+,0.163
83,34:115,20:101,+,0.127
84,34:115,33:114,+,0.122
85,34:115,20:101,+,0.136
86,34:115,20:101,+,0.136
87,34:115,20:101,+,0.163
88,34:115,30:111,+,0.247
89,34:115,20:101,+,0.163
90,34:115,1:8,+,0.636
91,5:46,20:101,+,0.163
92,5:46,20:101,+,0.136
93,5:46,20:101,+,0.163
94,29:110,20:101,+,0.127
95,29:110,10:52,+,0.121
96,29:110,42:161,+,0.312
97,29:110,20:101,+,0.136
98,29:110,8:50,+,0.275
99,29:110,20:101,+,0.127
100,29:110,20:101,+,0.163
101,29:110,20:101,+,0.163
102,29:110,20:101,+,0.163
103,29:110,20:101,+,0.163
104,29:110,20:101,+,0.132
105,29:110,20:101,+,0.163
106,27:108,20:101,+,0.163
107,27:108,20:101,+,0.163
108,27:108,20:101,+,0.132
109,27:108,20:101,+,0.136
110,27:108,20:101,+,0.136
111,27:108,20:101,+,0.163
112,27:108,20:101,+,0.163
113,27:108,20:101,+,0.137
114,27:108,20:101,+,0.127
115,27:108,20:101,+,0.136
116,27:108,20:101,+,0.127
117,20:101,20:101,,0.163
118,20:101,20:101,,0.163
119,20:101,16:97,+,0.393
120,20:101,20:101,,0.163
121,20:101,20:101,,0.136
122,20:101,20:101,,0.127
123,20:101,20:101,,0.163
124,20:101,20:101,,0.163
125,20:101,20:101,,0.132
126,20:101,20:101,,0.136
127,20:101,16:97,+,0.323
128,20:101,20:101,,0.136
129,20:101,33:114,+,0.122
130,20:101,20:101,,0.153
131,20:101,20:101,,0.163
132,20:101,20:101,,0.163
133,20:101,33:114,+,0.122
134,20:101,20:101,,0.136
135,20:101,20:101,,0.163
136,20:101,20:101,,0.5
137,20:101,20:101,,0.136
138,20:101,20:101,,0.163
139,20:101,20:101,,0.127
140,20:101,20:101,,0.163
141,20:101,20:101,,0.127
142,20:101,20:101,,0.136
143,20:101,20:101,,0.136
144,20:101,20:101,,0.163
145,20:101,16:97,+,0.096
146,20:101,20:101,,0.136
147,20:101,20:101,,0.163
148,20:101,12:54,+,0.131
149,20:101,20:101,,0.136
150,39:120,37:118,+,0.5
151,39:120,21:102,+,0.217
152,10:52,12:54,+,0.265
153,10:52,11:53,+,0.429
154,10:52,11:53,+,0.538
155,10:52,9:51,+,0.444
156,44:241,32:113,+,0.327
157,44:241,20:101,+,0.163
158,1:8,34:115,+,0.5
159,1:8,20:101,+,0.163
160,1:8,20:101,+,0.192
161,1:8,14:56,+,0.301
162,1:8,20:101,+,0.163
163,1:8,20:101,+,0.163
164,11:53,7:49,+,0.286
165,11:53,20:101,+,0.127
166,11:53,20:101,+,0.127
167,11:53,11:53,,0.538
168,16:97,20:101,+,0.137
169,16:97,20:101,+,0.137
170,16:97,20:101,+,0.163
171,16:97,12:54,+,0.325
172,16:97,20:101,+,0.127
173,16:97,20:101,+,0.163
174,16:97,20:101,+,0.153
175,16:97,20:101,+,0.127
176,16:97,20:101,+,0.163
177,16:97,20:101,+,0.132
178,16:97,20:101,+,0.141
179,16:97,33:114,+,0.389
180,16:97,20:101,+,0.136
181,16:97,13:55,+,0.184
182,16:97,20:101,+,0.136
183,16:97,20:101,+,0.127
184,16:97,33:114,+,0.389
185,16:97,20:101,+,0.163
186,16:97,20:101,+,0.136
187,16:97,30:111,+,0.247
188,16:97,20:101,+,0.127
189,16:97,20:101,+,0.136
190,16:97,20:101,+,0.163
191,16:97,20:101,+,0.136
192,16:97,20:101,+,0.163
193,32:113,31:112,+,0.214
194,32:113,20:101,+,0.127
195,32:113,31:112,+,0.214
196,32:113,20:101,+,0.136
197,8:50,10:52,+,0.235
198,8:50,33:114,+,0.323
199,8:50,1:8,+,0.636
200,8:50,7:49,+,0.503
201,8:50,10:52,+,0.235
202,9:51,10:52,+,0.385
203,9:51,7:49,+,0.503
204,9:51,10:52,+,0.235
205,9:51,33:114,+,0.179
206,21:102,20:101,+,0.136
207,21:102,26:107,+,0.218
208,21:102,26:107,+,0.218
209,41:122,20:101,+,0.136
210,41:122,14:56,+,0.5
211,36:117,20:101,+,0.163
212,36:117,14:56,+,0.151
213,36:117,20:101,+,0.136
214,36:117,8:50,+,0.205
215,36:117,20:101,+,0.163
216,36:117,10:52,+,0.235
217,36:117,20:101,+,0.163
218,36:117,20:101,+,0.127
219,19:100,20:101,+,0.5
220,19:100,33:114,+,0.389
221,19:100,20:101,+,0.136
222,19:100,20:101,+,0.163
223,19:100,20:101,+,0.136
224,19:100,20:101,+,0.136
225,19:100,20:101,+,0.163
226,19:100,20:101,+,0.136
227,19:100,12:54,+,0.265
228,19:100,20:101,+,0.163
229,24:105,20:101,+,0.163
230,24:105,1:8,+,0.25
231,24:105,20:101,+,0.163
232,24:105,20:101,+,0.136
233,24:105,1:8,+,0.25
234,24:105,20:101,+,0.137
235,24:105,20:101,+,0.136
236,24:105,20:101,+,0.192
237,24:105,20:101,+,0.127
238,24:105,20:101,+,0.136
239,24:105,20:101,+,0.163
240,26:107,37:118,+,0.364
241,22:103,20:101,+,0.163
242,22:103,44:241,+,0.192
243,22:103,20:101,+,0.163
244,22:103,31:112,+,0.214
245,22:103,31:112,+,0.214
246,13:55,13:55,,0.17
247,13:55,12:54,+,0.265
248,13:55,14:56,+,0.5
249,13:55,14:56,+,0.301
250,17:98,20:101,+,0.163
251,17:98,38:119,+,0.245
252,17:98,37:118,+,0.364
253,17:98,20:101,+,0.136
254,17:98,38:119,+,0.245
255,15:57,15:57,,0.263
256,15:57,6:48,+,0.322
257,15:57,14:56,+,0.5
258,15:57,20:101,+,0.136
259,7:49,16:97,+,0.323
260,7:49,8:50,+,0.414
261,7:49,20:101,+,0.136
262,7:49,8:50,+,0.414
263,7:49,20:101,+,0.136
264,18:99,20:101,+,0.127
265,18:99,20:101,+,0.136
266,18:99,20:101,+,0.153
267,18:99,20:101,+,0.153
268,18:99,33:114,+,0.122
269,18:99,20:101,+,0.163
270,18:99,31:112,+,0.214
271,18:99,21:102,+,0.217
272,14:56,13:55,+,0.47
273,14:56,6:48,+,0.322
274,14:56,10:52,+,0.235
275,14:56,13:55,+,0.417
276,12:54,10:52,+,0.235
277,12:54,10:52,+,0.235
278,12:54,13:55,+,0.17
279,12:54,18:99,+,0.257
280,12:54,13:55,+,0.17
281,38:119,15:57,+,0.263
282,23:104,44:241,+,0.192
283,23:104,21:102,+,0.217
284,23:104,40:121,+,0.339
285,25:106,22:103,+,0.274
286,25:106,26:107,+,0.218
287,4:45,20:101,+,0.136
288,37:118,20:101,+,0.163
289,37:118,20:101,+,0.163
290,37:118,20:101,+,0.163
291,37:118,20:101,+,0.163
292,37:118,20:101,+,0.402
293,42:161,20:101,+,0.32
1,30:111,20:101,+,0.16
2,30:111,20:101,+,0.128
3,30:111,20:101,+,0.16
4,30:111,20:101,+,0.16
5,30:111,20:101,+,0.16
6,30:111,20:101,+,0.16
7,30:111,20:101,+,0.128
8,30:111,20:101,+,0.132
9,30:111,20:101,+,0.268
10,30:111,20:101,+,0.128
11,30:111,20:101,+,0.132
12,30:111,14:56,+,0.356
13,30:111,20:101,+,0.179
14,30:111,20:101,+,0.128
15,30:111,17:98,+,0.141
16,30:111,30:111,,0.114
17,30:111,29:110,+,0.333
18,30:111,20:101,+,0.16
19,30:111,20:101,+,0.179
20,35:116,20:101,+,0.128
21,35:116,8:50,+,0.216
22,35:116,15:57,+,0.405
23,35:116,30:111,+,0.32
24,35:116,20:101,+,0.16
25,35:116,20:101,+,0.128
26,35:116,24:105,+,0.286
27,35:116,20:101,+,0.16
28,35:116,20:101,+,0.132
29,35:116,20:101,+,0.132
30,35:116,40:121,+,0.258
31,35:116,16:97,+,0.122
32,28:109,27:108,+,0.263
33,28:109,20:101,+,0.137
34,28:109,20:101,+,0.128
35,28:109,20:101,+,0.16
36,28:109,20:101,+,0.132
37,28:109,21:102,+,0.184
38,40:121,20:101,+,0.132
39,40:121,20:101,+,0.16
40,40:121,20:101,+,0.16
41,40:121,20:101,+,0.132
42,40:121,40:121,,0.281
43,31:112,30:111,+,0.32
44,31:112,20:101,+,0.16
45,31:112,20:101,+,0.16
46,31:112,20:101,+,0.128
47,31:112,20:101,+,0.16
48,31:112,30:111,+,0.32
49,33:114,20:101,+,0.179
50,33:114,19:100,+,0.176
51,33:114,15:57,+,0.285
52,33:114,20:101,+,0.16
53,33:114,27:108,+,0.3
54,33:114,16:97,+,0.138
55,33:114,20:101,+,0.179
56,33:114,20:101,+,0.122
57,33:114,20:101,+,0.128
58,33:114,20:101,+,0.179
59,33:114,7:49,+,0.201
60,33:114,20:101,+,0.132
61,33:114,20:101,+,0.179
62,33:114,20:101,+,0.268
63,33:114,20:101,+,0.16
64,33:114,20:101,+,0.119
65,3:44,20:101,+,0.16
66,3:44,30:111,+,0.259
67,3:44,20:101,+,0.16
68,3:44,20:101,+,0.16
69,3:44,7:49,+,0.211
70,6:48,30:111,+,0.259
71,6:48,30:111,+,0.201
72,6:48,18:99,+,0.29
73,6:48,33:114,+,0.126
74,34:115,20:101,+,0.104
75,34:115,20:101,+,0.128
76,34:115,20:101,+,0.333
77,34:115,4:45,+,0.5
78,34:115,20:101,+,0.114
79,34:115,20:101,+,0.16
80,34:115,20:101,+,0.16
81,34:115,20:101,+,0.132
82,34:115,20:101,+,0.132
83,34:115,20:101,+,0.16
84,34:115,20:101,+,0.16
85,34:115,30:111,+,0.114
86,34:115,27:108,+,0.263
87,34:115,30:111,+,0.32
88,34:115,30:111,+,0.518
89,34:115,20:101,+,0.132
90,34:115,20:101,+,0.16
91,5:46,20:101,+,0.311
92,5:46,3:44,+,0.331
93,5:46,20:101,+,0.128
94,29:110,30:111,+,0.114
95,29:110,20:101,+,0.16
96,29:110,29:110,,0.356
97,29:110,20:101,+,0.122
98,29:110,20:101,+,0.132
99,29:110,20:101,+,0.132
100,29:110,27:108,+,0.263
101,29:110,7:49,+,0.365
102,29:110,29:110,,0.333
103,29:110,20:101,+,0.122
104,29:110,20:101,+,0.179
105,29:110,20:101,+,0.128
106,27:108,20:101,+,0.16
107,27:108,24:105,+,0.444
108,27:108,20:101,+,0.114
109,27:108,20:101,+,0.173
110,27:108,24:105,+,0.38
111,27:108,20:101,+,0.278
112,27:108,30:111,+,0.339
113,27:108,16:97,+,0.162
114,27:108,20:101,+,0.16
115,27:108,20:101,+,0.128
116,27:108,30:111,+,0.518
117,20:101,20:101,,0.16
118,20:101,20:101,,0.278
119,20:101,20:101,,0.132
120,20:101,29:110,+,0.242
121,20:101,20:101,,0.132
122,20:101,20:101,,0.132
123,20:101,20:101,,0.119
124,20:101,20:101,,0.16
125,20:101,20:101,,0.16
126,20:101,20:101,,0.16
127,20:101,20:101,,0.16
128,20:101,20:101,,0.16
129,20:101,16:97,+,0.138
130,20:101,20:101,,0.179
131,20:101,20:101,,0.128
132,20:101,20:101,,0.132
133,20:101,20:101,,0.16
134,20:101,20:101,,0.128
135,20:101,30:111,+,0.25
136,20:101,20:101,,0.132
137,20:101,20:101,,0.132
138,20:101,16:97,+,0.344
139,20:101,24:105,+,0.38
140,20:101,20:101,,0.16
141,20:101,20:101,,0.179
142,20:101,20:101,,0.179
143,20:101,20:101,,0.311
144,20:101,20:101,,0.16
145,20:101,20:101,,0.311
146,20:101,20:101,,0.128
147,20:101,20:101,,0.325
148,20:101,20:101,,0.128
149,20:101,20:101,,0.16
150,39:120,38:119,+,0.26
151,39:120,20:101,+,0.16
152,10:52,20:101,+,0.128
153,10:52,8:50,+,0.216
154,10:52,8:50,+,0.5
155,10:52,8:50,+,0.327
156,44:241,21:102,+,0.184
157,44:241,40:121,+,0.281
158,1:8,30:111,+,0.32
159,1:8,20:101,+,0.128
160,1:8,16:97,+,0.202
161,1:8,20:101,+,0.16
162,1:8,4:45,+,0.5
163,1:8,20:101,+,0.16
164,11:53,7:49,+,0.211
165,11:53,11:53,,0.5
166,11:53,33:114,+,0.126
167,11:53,10:52,+,0.667
168,16:97,20:101,+,0.16
169,16:97,30:111,+,0.259
170,16:97,20:101,+,0.268
171,16:97,29:110,+,0.257
172,16:97,20:101,+,0.179
173,16:97,20:101,+,0.101
174,16:97,20:101,+,0.333
175,16:97,20:101,+,0.311
176,16:97,20:101,+,0.16
177,16:97,20:101,+,0.128
178,16:97,6:48,+,0.236
179,16:97,20:101,+,0.128
180,16:97,20:101,+,0.128
181,16:97,4:45,+,0.273
182,16:97,20:101,+,0.119
183,16:97,20:101,+,0.122
184,16:97,20:101,+,0.122
185,16:97,20:101,+,0.101
186,16:97,20:101,+,0.16
187,16:97,20:101,+,0.132
188,16:97,20:101,+,0.179
189,16:97,34:115,+,0.25
190,16:97,7:49,+,0.365
191,16:97,30:111,+,0.339
192,16:97,24:105,+,0.38
193,32:113,7:49,+,0.211
194,32:113,20:101,+,0.128
195,32:113,20:101,+,0.128
196,32:113,20:101,+,0.128
197,8:50,7:49,+,0.211
198,8:50,10:52,+,0.291
199,8:50,10:52,+,0.291
200,8:50,13:55,+,0.236
201,8:50,10:52,+,0.291
202,9:51,8:50,+,0.5
203,9:51,12:54,+,0.222
204,9:51,20:101,+,0.278
205,9:51,6:48,+,0.344
206,21:102,37:118,+,0.348
207,21:102,20:101,+,0.132
208,41:122,27:108,+,0.263
209,41:122,38:119,+,0.26
210,41:122,20:101,+,0.119
211,36:117,20:101,+,0.16
212,36:117,20:101,+,0.128
213,36:117,20:101,+,0.128
214,36:117,29:110,+,0.333
215,36:117,20:101,+,0.16
216,36:117,30:111,+,0.32
217,36:117,20:101,+,0.245
218,36:117,30:111,+,0.32
219,19:100,20:101,+,0.128
220,19:100,20:101,+,0.16
221,19:100,20:101,+,0.179
222,19:100,20:101,+,0.132
223,19:100,20:101,+,0.132
224,19:100,16:97,+,0.138
225,19:100,20:101,+,0.16
226,19:100,20:101,+,0.16
227,19:100,20:101,+,0.268
228,19:100,20:101,+,0.114
229,24:105,19:100,+,0.176
230,24:105,6:48,+,0.236
231,24:105,20:101,+,0.16
232,24:105,20:101,+,0.128
233,24:105,40:121,+,0.258
234,24:105,20:101,+,0.179
235,24:105,20:101,+,0.179
236,24:105,20:101,+,0.16
237,24:105,30:111,+,0.32
238,24:105,20:101,+,0.311
239,26:107,38:119,+,0.26
240,26:107,37:118,+,0.429
241,22:103,20:101,+,0.16
242,22:103,20:101,+,0.16
243,22:103,21:102,+,0.184
244,22:103,20:101,+,0.132
245,22:103,26:107,+,0.5
246,13:55,20:101,+,0.128
247,13:55,12:54,+,0.222
248,13:55,13:55,,0.456
249,13:55,20:101,+,0.278
250,17:98,41:122,+,0.429
251,17:98,28:109,+,0.222
252,17:98,20:101,+,0.179
253,17:98,20:101,+,0.132
254,17:98,20:101,+,0.132
255,15:57,6:48,+,0.262
256,15:57,20:101,+,0.16
257,15:57,28:109,+,0.202
258,15:57,15:57,,0.285
259,7:49,7:49,,0.211
260,7:49,20:101,+,0.179
261,7:49,10:52,+,0.667
262,7:49,7:49,,0.269
263,7:49,8:50,+,0.327
264,18:99,8:50,+,0.216
265,18:99,20:101,+,0.179
266,18:99,20:101,+,0.16
267,18:99,20:101,+,0.333
268,18:99,37:118,+,0.348
269,18:99,20:101,+,0.16
270,18:99,20:101,+,0.128
271,18:99,37:118,+,0.348
272,14:56,12:54,+,0.375
273,14:56,7:49,+,0.201
274,14:56,13:55,+,0.456
275,14:56,15:57,+,0.285
276,12:54,20:101,+,0.207
277,12:54,15:57,+,0.285
278,12:54,20:101,+,0.128
279,12:54,10:52,+,0.667
280,12:54,15:57,+,0.285
281,38:119,28:109,+,0.202
282,23:104,20:101,+,0.179
283,23:104,17:98,+,0.167
284,23:104,40:121,+,0.281
285,25:106,20:101,+,0.128
286,25:106,20:101,+,0.119
287,4:45,3:44,+,0.331
288,37:118,21:102,+,0.184
289,37:118,28:109,+,0.202
290,37:118,40:121,+,0.281
291,37:118,20:101,+,0.16
292,37:118,20:101,+,0.179
293,42:161,20:101,+,0.16
1,30:111,20:101,+,0.174
2,30:111,20:101,+,0.182
3,30:111,20:101,+,0.169
4,30:111,20:101,+,0.182
5,30:111,20:101,+,0.182
6,30:111,20:101,+,0.182
7,30:111,30:111,,0.267
8,30:111,33:114,+,0.16
9,30:111,1:8,+,0.433
10,30:111,20:101,+,0.185
11,30:111,30:111,,0.409
12,30:111,30:111,,0.333
13,30:111,30:111,,0.303
14,30:111,20:101,+,0.169
15,30:111,6:48,+,0.243
16,30:111,20:101,+,0.132
17,30:111,20:101,+,0.169
18,30:111,20:101,+,0.148
19,30:111,5:46,+,0.3
20,35:116,34:115,+,0.176
21,35:116,20:101,+,0.169
22,35:116,33:114,+,0.16
23,35:116,20:101,+,0.169
24,35:116,30:111,+,0.242
25,35:116,20:101,+,0.169
26,35:116,7:49,+,0.264
27,35:116,20:101,+,0.174
28,35:116,20:101,+,0.132
29,35:116,33:114,+,0.16
30,35:116,20:101,+,0.117
31,28:109,22:103,+,0.178
32,28:109,20:101,+,0.167
33,28:109,20:101,+,0.302
34,28:109,40:121,+,0.256
35,28:109,20:101,+,0.275
36,28:109,20:101,+,0.182
37,28:109,20:101,+,0.169
38,40:121,20:101,+,0.182
39,40:121,22:103,+,0.178
40,40:121,27:108,+,0.222
41,40:121,40:121,,0.256
42,31:112,25:106,+,0.162
43,31:112,20:101,+,0.169
44,31:112,20:101,+,0.185
45,31:112,20:101,+,0.182
46,31:112,40:121,+,0.256
47,31:112,26:107,+,0.167
48,31:112,25:106,+,0.162
49,33:114,30:111,+,0.222
50,33:114,20:101,+,0.182
51,33:114,20:101,+,0.273
52,33:114,35:116,+,0.333
53,33:114,33:114,,0.353
54,33:114,20:101,+,0.169
55,33:114,20:101,+,0.174
56,33:114,20:101,+,0.381
57,33:114,16:97,+,0.239
58,33:114,35:116,+,0.333
59,33:114,34:115,+,0.176
60,33:114,16:97,+,0.277
61,33:114,20:101,+,0.185
62,33:114,16:97,+,0.326
63,33:114,20:101,+,0.182
64,3:44,3:44,,0.364
65,3:44,20:101,+,0.182
66,3:44,33:114,+,0.16
67,3:44,42:161,+,0.274
68,3:44,1:8,+,0.433
69,3:44,42:161,+,0.422
70,6:48,14:56,+,0.45
71,6:48,14:56,+,0.188
72,6:48,15:57,+,0.281
73,6:48,12:54,+,0.286
74,34:115,20:101,+,0.182
75,34:115,34:115,,0.48
76,34:115,20:101,+,0.169
77,34:115,20:101,+,0.275
78,34:115,20:101,+,0.273
79,34:115,20:101,+,0.169
80,34:115,29:110,+,0.296
81,34:115,1:8,+,0.433
82,34:115,20:101,+,0.185
83,34:115,20:101,+,0.182
84,34:115,20:101,+,0.185
85,34:115,35:116,+,0.429
86,34:115,16:97,+,0.286
87,34:115,20:101,+,0.133
88,34:115,1:8,+,0.433
89,34:115,20:101,+,0.182
90,34:115,33:114,+,0.353
91,5:46,16:97,+,0.309
92,5:46,20:101,+,0.169
93,5:46,34:115,+,0.176
94,29:110,33:114,+,0.16
95,29:110,40:121,+,0.216
96,29:110,18:99,+,0.3
97,29:110,27:108,+,0.222
98,29:110,20:101,+,0.182
99,29:110,20:101,+,0.185
100,29:110,20:101,+,0.174
101,29:110,20:101,+,0.159
102,29:110,20:101,+,0.151
103,29:110,30:111,+,0.333
104,29:110,20:101,+,0.182
105,29:110,19:100,+,0.227
106,27:108,1:8,+,0.433
107,27:108,20:101,+,0.169
108,27:108,27:108,,0.222
109,27:108,18:99,+,0.3
110,27:108,20:101,+,0.133
111,27:108,34:115,+,0.176
112,27:108,30:111,+,0.333
113,27:108,34:115,+,0.176
114,27:108,20:101,+,0.169
115,27:108,20:101,+,0.185
116,27:108,18:99,+,0.3
117,20:101,20:101,,0.127
118,20:101,40:121,+,0.216
119,20:101,20:101,,0.286
120,20:101,33:114,+,0.16
121,20:101,1:8,+,0.433
122,20:101,20:101,,0.169
123,20:101,20:101,,0.182
124,20:101,24:105,+,0.269
125,20:101,20:101,,0.185
126,20:101,1:8,+,0.433
127,20:101,20:101,,0.182
128,20:101,6:48,+,0.243
129,20:101,33:114,+,0.353
130,20:101,33:114,+,0.16
131,20:101,20:101,,0.182
132,20:101,33:114,+,0.16
133,20:101,20:101,,0.185
134,20:101,16:97,+,0.239
135,20:101,20:101,,0.148
136,20:101,35:116,+,0.429
137,20:101,33:114,+,0.421
138,20:101,6:48,+,0.243
139,20:101,18:99,+,0.3
140,20:101,20:101,,0.185
141,20:101,27:108,+,0.172
142,20:101,20:101,,0.185
143,20:101,20:101,,0.381
144,20:101,16:97,+,0.309
145,20:101,20:101,,0.302
146,20:101,16:97,+,0.239
147,20:101,27:108,+,0.222
148,20:101,20:101,,0.182
149,20:101,7:49,+,0.264
150,39:120,22:103,+,0.178
151,39:120,41:122,+,0.386
152,10:52,10:52,,0.483
153,10:52,8:50,+,0.257
154,10:52,12:54,+,0.333
155,10:52,8:50,+,0.257
156,44:241,30:111,+,0.303
157,44:241,22:103,+,0.178
158,1:8,20:101,+,0.133
159,1:8,5:46,+,0.3
160,1:8,34:115,+,0.2
161,1:8,20:101,+,0.169
162,1:8,20:101,+,0.182
163,1:8,30:111,+,0.273
164,11:53,20:101,+,0.169
165,11:53,12:54,+,0.333
166,11:53,13:55,+,0.334
167,11:53,8:50,+,0.257
168,16:97,20:101,+,0.169
169,16:97,20:101,+,0.169
170,16:97,33:114,+,0.364
171,16:97,24:105,+,0.2
172,16:97,35:116,+,0.333
173,16:97,20:101,+,0.182
174,16:97,20:101,+,0.185
175,16:97,16:97,,0.284
176,16:97,20:101,+,0.159
177,16:97,20:101,+,0.275
178,16:97,16:97,,0.256
179,16:97,20:101,+,0.139
180,16:97,20:101,+,0.185
181,16:97,20:101,+,0.182
182,16:97,11:53,+,0.257
183,16:97,20:101,+,0.302
184,16:97,20:101,+,0.169
185,16:97,20:101,+,0.162
186,16:97,16:97,,0.239
187,16:97,20:101,+,0.286
188,16:97,19:100,+,0.227
189,16:97,20:101,+,0.169
190,16:97,20:101,+,0.273
191,16:97,33:114,+,0.353
192,16:97,40:121,+,0.216
193,32:113,29:110,+,0.296
194,32:113,33:114,+,0.364
195,32:113,20:101,+,0.182
196,32:113,20:101,+,0.182
197,8:50,8:50,,0.257
198,8:50,7:49,+,0.286
199,8:50,20:101,+,0.185
200,8:50,12:54,+,0.333
201,8:50,1:8,+,0.433
202,9:51,8:50,+,0.625
203,9:51,8:50,+,0.257
204,9:51,7:49,+,0.328
205,9:51,7:49,+,0.328
206,21:102,33:114,+,0.16
207,21:102,40:121,+,0.286
208,41:122,35:116,+,0.429
209,41:122,26:107,+,0.167
210,41:122,22:103,+,0.178
211,36:117,20:101,+,0.182
212,36:117,20:101,+,0.155
213,36:117,20:101,+,0.275
214,36:117,20:101,+,0.148
215,36:117,16:97,+,0.239
216,36:117,19:100,+,0.159
217,36:117,20:101,+,0.185
218,36:117,33:114,+,0.16
219,19:100,16:97,+,0.239
220,19:100,20:101,+,0.185
221,19:100,20:101,+,0.182
222,19:100,20:101,+,0.185
223,19:100,33:114,+,0.353
224,19:100,20:101,+,0.169
225,19:100,34:115,+,0.237
226,19:100,20:101,+,0.182
227,19:100,20:101,+,0.169
228,19:100,33:114,+,0.16
229,24:105,33:114,+,0.364
230,24:105,30:111,+,0.226
231,24:105,20:101,+,0.148
232,24:105,20:101,+,0.169
233,24:105,5:46,+,0.3
234,24:105,20:101,+,0.169
235,24:105,33:114,+,0.16
236,24:105,30:111,+,0.303
237,24:105,20:101,+,0.275
238,24:105,30:111,+,0.273
239,26:107,25:106,+,0.162
240,26:107,40:121,+,0.286
241,22:103,40:121,+,0.256
242,22:103,20:101,+,0.174
243,22:103,33:114,+,0.16
244,22:103,20:101,+,0.159
245,22:103,20:101,+,0.148
246,13:55,14:56,+,0.45
247,13:55,13:55,,0.334
248,13:55,8:50,+,0.257
249,13:55,16:97,+,0.19
250,17:98,40:121,+,0.256
251,17:98,20:101,+,0.182
252,17:98,20:101,+,0.169
253,17:98,20:101,+,0.182
254,15:57,30:111,+,0.222
255,15:57,6:48,+,0.451
256,15:57,14:56,+,0.45
257,15:57,3:44,+,0.625
258,15:57,14:56,+,0.188
259,7:49,8:50,+,0.257
260,7:49,10:52,+,0.455
261,7:49,1:8,+,0.321
262,7:49,16:97,+,0.256
263,18:99,15:57,+,0.281
264,18:99,40:121,+,0.256
265,18:99,30:111,+,0.333
266,18:99,20:101,+,0.169
267,18:99,25:106,+,0.162
268,18:99,20:101,+,0.182
269,18:99,20:101,+,0.169
270,18:99,20:101,+,0.185
271,18:99,20:101,+,0.169
272,14:56,14:56,,0.45
273,14:56,6:48,+,0.451
274,14:56,11:53,+,0.364
275,14:56,14:56,,0.45
276,12:54,11:53,+,0.364
277,12:54,13:55,+,0.5
278,12:54,8:50,+,0.257
279,12:54,11:53,+,0.8
280,38:119,26:107,+,0.167
281,38:119,25:106,+,0.162
282,23:104,40:121,+,0.256
283,23:104,20:101,+,0.185
284,23:104,22:103,+,0.178
285,25:106,30:111,+,0.303
286,25:106,41:122,+,0.386
287,4:45,42:161,+,0.274
288,37:118,20:101,+,0.169
289,37:118,41:122,+,0.386
290,37:118,20:101,+,0.5
291,37:118,20:101,+,0.139
292,37:118,35:116,+,0.333
293,42:161,42:161,,0.274
1,30:111,20:101,+,0.143
2,30:111,20:101,+,0.283
3,30:111,20:101,+,0.143
4,30:111,20:101,+,0.283
5,30:111,20:101,+,0.137
6,30:111,20:101,+,0.136
7,30:111,20:101,+,0.135
8,30:111,20:101,+,0.143
9,30:111,20:101,+,0.136
10,30:111,30:111,,0.179
11,30:111,30:111,,0.179
12,30:111,20:101,+,0.136
13,30:111,30:111,,0.367
14,30:111,20:101,+,0.157
15,30:111,30:111,,0.179
16,30:111,30:111,,0.367
17,30:111,20:101,+,0.143
18,30:111,20:101,+,0.136
19,30:111,20:101,+,0.137
20,35:116,16:97,+,0.138
21,35:116,20:101,+,0.117
22,35:116,20:101,+,0.135
23,35:116,20:101,+,0.136
24,35:116,20:101,+,0.136
25,35:116,20:101,+,0.136
26,35:116,20:101,+,0.143
27,35:116,20:101,+,0.157
28,35:116,20:101,+,0.136
29,35:116,20:101,+,0.157
30,35:116,20:101,+,0.157
31,28:109,20:101,+,0.143
32,28:109,27:108,+,0.333
33,28:109,20:101,+,0.137
34,28:109,20:101,+,0.143
35,28:109,20:101,+,0.143
36,28:109,30:111,+,0.179
37,28:109,20:101,+,0.229
38,40:121,18:99,+,0.25
39,40:121,20:101,+,0.137
40,40:121,20:101,+,0.105
41,40:121,20:101,+,0.136
42,31:112,20:101,+,0.135
43,31:112,21:102,+,0.286
44,31:112,30:111,+,0.367
45,31:112,30:111,+,0.179
46,31:112,22:103,+,0.219
47,31:112,22:103,+,0.219
48,31:112,20:101,+,0.137
49,33:114,16:97,+,0.138
50,33:114,20:101,+,0.157
51,33:114,20:101,+,0.137
52,33:114,33:114,,0.357
53,33:114,20:101,+,0.136
54,33:114,20:101,+,0.143
55,33:114,20:101,+,0.157
56,33:114,20:101,+,0.157
57,33:114,20:101,+,0.157
58,33:114,8:50,+,0.27
59,33:114,20:101,+,0.137
60,33:114,20:101,+,0.157
61,33:114,20:101,+,0.137
62,33:114,20:101,+,0.135
63,33:114,20:101,+,0.117
64,3:44,6:48,+,0.529
65,3:44,8:50,+,0.27
66,3:44,20:101,+,0.143
67,3:44,5:46,+,0.364
68,3:44,20:101,+,0.135
69,6:48,15:57,+,0.561
70,6:48,20:101,+,0.134
71,6:48,6:48,,0.529
72,6:48,44:241,+,0.246
73,6:48,30:111,+,0.236
74,34:115,20:101,+,0.157
75,34:115,30:111,+,0.179
76,34:115,20:101,+,0.143
77,34:115,20:101,+,0.135
78,34:115,20:101,+,0.143
79,34:115,33:114,+,0.276
80,34:115,20:101,+,0.157
81,34:115,20:101,+,0.143
82,34:115,20:101,+,0.229
83,34:115,20:101,+,0.135
84,34:115,20:101,+,0.136
85,34:115,20:101,+,0.157
86,34:115,20:101,+,0.136
87,34:115,20:101,+,0.137
88,34:115,1:8,+,0.333
89,34:115,20:101,+,0.117
90,34:115,20:101,+,0.157
91,5:46,20:101,+,0.143
92,5:46,3:44,+,0.351
93,5:46,3:44,+,0.351
94,29:110,20:101,+,0.143
95,29:110,20:101,+,0.137
96,29:110,20:101,+,0.112
97,29:110,20:101,+,0.143
98,29:110,20:101,+,0.157
99,29:110,20:101,+,0.136
100,29:110,20:101,+,0.117
101,29:110,20:101,+,0.157
102,29:110,1:8,+,0.41
103,29:110,20:101,+,0.135
104,29:110,20:101,+,0.143
105,29:110,20:101,+,0.157
106,27:108,16:97,+,0.274
107,27:108,20:101,+,0.143
108,27:108,20:101,+,0.143
109,27:108,1:8,+,0.352
110,27:108,20:101,+,0.136
111,27:108,30:111,+,0.36
112,27:108,20:101,+,0.229
113,27:108,20:101,+,0.143
114,27:108,20:101,+,0.157
115,27:108,20:101,+,0.105
116,27:108,3:44,+,0.303
117,20:101,33:114,+,0.276
118,20:101,8:50,+,0.27
119,20:101,20:101,,0.157
120,20:101,30:111,+,0.179
121,20:101,20:101,,0.143
122,20:101,20:101,,0.157
123,20:101,20:101,,0.135
124,20:101,20:101,,0.143
125,20:101,20:101,,0.157
126,20:101,20:101,,0.429
127,20:101,20:101,,0.112
128,20:101,20:101,,0.143
129,20:101,20:101,,0.157
130,20:101,3:44,+,0.303
131,20:101,12:54,+,0.201
132,20:101,33:114,+,0.276
133,20:101,20:101,,0.229
134,20:101,20:101,,0.137
135,20:101,20:101,,0.143
136,20:101,20:101,,0.429
137,20:101,16:97,+,0.138
138,20:101,1:8,+,0.333
139,20:101,20:101,,0.136
140,20:101,20:101,,0.143
141,20:101,16:97,+,0.32
142,20:101,30:111,+,0.179
143,20:101,1:8,+,0.41
144,20:101,20:101,,0.157
145,20:101,20:101,,0.157
146,20:101,20:101,,0.157
147,20:101,20:101,,0.429
148,20:101,20:101,,0.14
149,20:101,20:101,,0.157
150,39:120,28:109,+,0.333
151,10:52,11:53,+,0.444
152,10:52,16:97,+,0.198
153,10:52,11:53,+,0.193
154,10:52,9:51,+,0.44
155,10:52,11:53,+,0.611
156,44:241,38:119,+,0.231
157,44:241,41:122,+,0.241
158,1:8,33:114,+,0.276
159,1:8,30:111,+,0.179
160,1:8,24:105,+,0.444
161,1:8,3:44,+,0.351
162,1:8,20:101,+,0.229
163,1:8,3:44,+,0.351
164,11:53,11:53,,0.611
165,11:53,20:101,+,0.136
166,11:53,7:49,+,0.333
167,11:53,12:54,+,0.323
168,16:97,20:101,+,0.106
169,16:97,20:101,+,0.143
170,16:97,20:101,+,0.136
171,16:97,20:101,+,0.157
172,16:97,20:101,+,0.143
173,16:97,20:101,+,0.157
174,16:97,33:114,+,0.435
175,16:97,20:101,+,0.143
176,16:97,20:101,+,0.157
177,16:97,20:101,+,0.135
178,16:97,30:111,+,0.367
179,16:97,1:8,+,0.333
180,16:97,20:101,+,0.157
181,16:97,20:101,+,0.143
182,16:97,20:101,+,0.229
183,16:97,20:101,+,0.229
184,16:97,20:101,+,0.134
185,16:97,20:101,+,0.137
186,16:97,20:101,+,0.157
187,16:97,20:101,+,0.136
188,16:97,20:101,+,0.157
189,16:97,5:46,+,0.364
190,16:97,20:101,+,0.229
191,16:97,20:101,+,0.136
192,16:97,20:101,+,0.283
193,32:113,20:101,+,0.143
194,32:113,20:101,+,0.137
195,32:113,20:101,+,0.143
196,32:113,28:109,+,0.216
197,8:50,11:53,+,0.193
198,8:50,9:51,+,0.44
199,8:50,10:52,+,0.571
200,8:50,7:49,+,0.351
201,9:51,12:54,+,0.25
202,9:51,9:51,,0.44
203,9:51,8:50,+,0.27
204,9:51,14:56,+,0.333
205,9:51,11:53,+,0.193
206,21:102,38:119,+,0.231
207,21:102,25:106,+,0.179
208,41:122,20:101,+,0.143
209,41:122,21:102,+,0.368
210,36:117,20:101,+,0.157
211,36:117,20:101,+,0.134
212,36:117,20:101,+,0.137
213,36:117,20:101,+,0.143
214,36:117,20:101,+,0.135
215,36:117,20:101,+,0.105
216,36:117,30:111,+,0.367
217,36:117,20:101,+,0.135
218,36:117,33:114,+,0.276
219,19:100,20:101,+,0.157
220,19:100,20:101,+,0.429
221,19:100,20:101,+,0.136
222,19:100,33:114,+,0.435
223,19:100,30:111,+,0.179
224,19:100,12:54,+,0.25
225,19:100,20:101,+,0.136
226,19:100,20:101,+,0.143
227,19:100,20:101,+,0.143
228,19:100,20:101,+,0.157
229,24:105,20:101,+,0.137
230,24:105,20:101,+,0.157
231,24:105,20:101,+,0.143
232,24:105,20:101,+,0.137
233,24:105,20:101,+,0.137
234,24:105,20:101,+,0.143
235,24:105,30:111,+,0.179
236,24:105,15:57,+,0.192
237,24:105,20:101,+,0.137
238,24:105,20:101,+,0.157
239,26:107,28:109,+,0.216
240,26:107,40:121,+,0.357
241,22:103,40:121,+,0.357
242,22:103,20:101,+,0.157
243,22:103,20:101,+,0.157
244,22:103,41:122,+,0.241
245,13:55,15:57,+,0.55
246,13:55,12:54,+,0.323
247,13:55,14:56,+,0.526
248,13:55,20:101,+,0.136
249,13:55,13:55,,0.445
250,17:98,41:122,+,0.241
251,17:98,30:111,+,0.367
252,17:98,30:111,+,0.179
253,17:98,20:101,+,0.137
254,15:57,11:53,+,0.193
255,15:57,14:56,+,0.526
256,15:57,14:56,+,0.333
257,15:57,14:56,+,0.215
258,15:57,14:56,+,0.526
259,7:49,15:57,+,0.192
260,7:49,8:50,+,0.27
261,7:49,20:101,+,0.429
262,7:49,11:53,+,0.193
263,18:99,20:101,+,0.143
264,18:99,20:101,+,0.157
265,18:99,18:99,,0.25
266,18:99,20:101,+,0.137
267,18:99,20:101,+,0.143
268,18:99,20:101,+,0.229
269,18:99,20:101,+,0.143
270,18:99,20:101,+,0.143
271,18:99,28:109,+,0.216
272,14:56,13:55,+,0.429
273,14:56,15:57,+,0.561
274,14:56,20:101,+,0.136
275,14:56,15:57,+,0.561
276,12:54,14:56,+,0.215
277,12:54,12:54,,0.25
278,12:54,20:101,+,0.136
279,12:54,11:53,+,0.611
280,38:119,22:103,+,0.219
281,38:119,40:121,+,0.357
282,23:104,20:101,+,0.143
283,23:104,20:101,+,0.157
284,23:104,28:109,+,0.216
285,25:106,18:99,+,0.25
286,25:106,20:101,+,0.143
287,4:45,16:97,+,0.522
288,37:118,20:101,+,0.136
289,37:118,44:241,+,0.246
290,37:118,21:102,+,0.286
291,37:118,41:122,+,0.241
292,42:161,5:46,+,0.364
293,42:161,1:8,+,0.333
1,30:111,20:101,+,0.162
2,30:111,20:101,+,0.121
3,30:111,20:101,+,0.121
4,30:111,20:101,+,0.121
5,30:111,20:101,+,0.162
6,30:111,20:101,+,0.137
7,30:111,20:101,+,0.162
8,30:111,20:101,+,0.121
9,30:111,20:101,+,0.137
10,30:111,30:111,,0.302
11,30:111,20:101,+,0.121
12,30:111,20:101,+,0.137
13,30:111,20:101,+,0.137
14,30:111,20:101,+,0.162
15,30:111,20:101,+,0.162
16,30:111,16:97,+,0.287
17,30:111,20:101,+,0.121
18,30:111,20:101,+,0.137
19,30:111,20:101,+,0.121
20,35:116,20:101,+,0.162
21,35:116,20:101,+,0.162
22,35:116,33:114,+,0.25
23,35:116,20:101,+,0.137
24,35:116,30:111,+,0.302
25,35:116,20:101,+,0.162
26,35:116,20:101,+,0.137
27,35:116,33:114,+,0.25
28,35:116,20:101,+,0.121
29,35:116,6:48,+,0.179
30,35:116,20:101,+,0.121
31,28:109,20:101,+,0.121
32,28:109,20:101,+,0.121
33,28:109,20:101,+,0.121
34,28:109,20:101,+,0.162
35,28:109,20:101,+,0.162
36,28:109,20:101,+,0.121
37,28:109,20:101,+,0.137
38,40:121,30:111,+,0.302
39,40:121,20:101,+,0.121
40,40:121,40:121,,0.229
41,40:121,20:101,+,0.137
42,31:112,26:107,+,0.2
43,31:112,20:101,+,0.162
44,31:112,20:101,+,0.162
45,31:112,20:101,+,0.162
46,31:112,20:101,+,0.121
47,31:112,20:101,+,0.162
48,33:114,20:101,+,0.121
49,33:114,20:101,+,0.162
50,33:114,20:101,+,0.121
51,33:114,20:101,+,0.162
52,33:114,20:101,+,0.162
53,33:114,20:101,+,0.162
54,33:114,20:101,+,0.121
55,33:114,20:101,+,0.121
56,33:114,20:101,+,0.121
57,33:114,20:101,+,0.121
58,33:114,20:101,+,0.121
59,33:114,20:101,+,0.121
60,33:114,20:101,+,0.162
61,33:114,20:101,+,0.162
62,33:114,20:101,+,0.3
63,33:114,20:101,+,0.162
64,3:44,20:101,+,0.162
65,3:44,20:101,+,0.121
66,3:44,20:101,+,0.121
67,3:44,20:101,+,0.162
68,3:44,20:101,+,0.162
69,6:48,18:99,+,0.228
70,6:48,14:56,+,0.442
71,6:48,18:99,+,0.228
72,6:48,20:101,+,0.121
73,6:48,14:56,+,0.442
74,34:115,20:101,+,0.121
75,34:115,20:101,+,0.121
76,34:115,4:45,+,0.273
77,34:115,20:101,+,0.137
78,34:115,6:48,+,0.127
79,34:115,20:101,+,0.137
80,34:115,20:101,+,0.162
81,34:115,20:101,+,0.121
82,34:115,20:101,+,0.137
83,34:115,20:101,+,0.137
84,34:115,18:99,+,0.228
85,34:115,20:101,+,0.137
86,34:115,20:101,+,0.137
87,34:115,20:101,+,0.121
88,34:115,20:101,+,0.142
89,34:115,20:101,+,0.121
90,34:115,20:101,+,0.162
91,5:46,20:101,+,0.162
92,5:46,20:101,+,0.162
93,29:110,40:121,+,0.205
94,29:110,20:101,+,0.162
95,29:110,20:101,+,0.137
96,29:110,20:101,+,0.162
97,29:110,13:55,+,0.338
98,29:110,20:101,+,0.162
99,29:110,20:101,+,0.162
100,29:110,20:101,+,0.121
101,29:110,20:101,+,0.121
102,29:110,20:101,+,0.137
103,29:110,20:101,+,0.121
104,29:110,20:101,+,0.162
105,29:110,20:101,+,0.137
106,27:108,20:101,+,0.162
107,27:108,20:101,+,0.121
108,27:108,30:111,+,0.302
109,27:108,20:101,+,0.121
110,27:108,20:101,+,0.162
111,27:108,20:101,+,0.121
112,27:108,6:48,+,0.179
113,27:108,20:101,+,0.137
114,27:108,20:101,+,0.121
115,27:108,20:101,+,0.121
116,27:108,20:101,+,0.137
117,20:101,18:99,+,0.228
118,20:101,20:101,,0.137
119,20:101,20:101,,0.162
120,20:101,20:101,,0.137
121,20:101,20:101,,0.162
122,20:101,20:101,,0.162
123,20:101,20:101,,0.162
124,20:101,20:101,,0.121
125,20:101,20:101,,0.162
126,20:101,20:101,,0.137
127,20:101,20:101,,0.162
128,20:101,20:101,,0.137
129,20:101,34:115,+,0.176
130,20:101,20:101,,0.142
131,20:101,20:101,,0.162
132,20:101,30:111,+,0.302
133,20:101,20:101,,0.121
134,20:101,20:101,,0.121
135,20:101,20:101,,0.137
136,20:101,20:101,,0.162
137,20:101,20:101,,0.137
138,20:101,20:101,,0.137
139,20:101,20:101,,0.121
140,20:101,34:115,+,0.4
141,20:101,20:101,,0.329
142,20:101,20:101,,0.121
143,20:101,20:101,,0.137
144,20:101,1:8,+,0.625
145,20:101,3:44,+,0.331
146,20:101,34:115,+,0.263
147,20:101,20:101,,0.162
148,20:101,20:101,,0.162
149,20:101,20:101,,0.121
150,39:120,17:98,+,0.258
151,10:52,20:101,+,0.137
152,10:52,20:101,+,0.121
153,10:52,9:51,+,0.667
154,10:52,6:48,+,0.179
155,10:52,10:52,,0.421
156,44:241,20:101,+,0.121
157,44:241,20:101,+,0.162
158,1:8,20:101,+,0.162
159,1:8,34:115,+,0.4
160,1:8,20:101,+,0.121
161,1:8,20:101,+,0.121
162,1:8,34:115,+,0.4
163,1:8,15:57,+,0.236
164,11:53,13:55,+,0.615
165,11:53,20:101,+,0.121
166,11:53,33:114,+,0.364
167,11:53,20:101,+,0.121
168,16:97,18:99,+,0.228
169,16:97,16:97,,0.287
170,16:97,20:101,+,0.162
171,16:97,20:101,+,0.162
172,16:97,20:101,+,0.121
173,16:97,20:101,+,0.121
174,16:97,20:101,+,0.121
175,16:97,20:101,+,0.121
176,16:97,20:101,+,0.137
177,16:97,20:101,+,0.121
178,16:97,20:101,+,0.121
179,16:97,20:101,+,0.121
180,16:97,20:101,+,0.162
181,16:97,20:101,+,0.162
182,16:97,20:101,+,0.121
183,16:97,20:101,+,0.121
184,16:97,20:101,+,0.162
185,16:97,20:101,+,0.121
186,16:97,34:115,+,0.263
187,16:97,20:101,+,0.121
188,16:97,20:101,+,0.121
189,16:97,20:101,+,0.121
190,16:97,20:101,+,0.121
191,16:97,20:101,+,0.137
192,16:97,8:50,+,0.6
193,32:113,44:241,+,0.185
194,32:113,20:101,+,0.162
195,32:113,38:119,+,0.667
196,32:113,20:101,+,0.121
197,8:50,20:101,+,0.121
198,8:50,8:50,,0.6
199,8:50,10:52,+,0.421
200,8:50,20:101,+,0.121
201,9:51,10:52,+,0.421
202,9:51,6:48,+,0.179
203,9:51,9:51,,0.389
204,9:51,10:52,+,0.429
205,9:51,10:52,+,0.421
206,21:102,44:241,+,0.185
207,21:102,31:112,+,0.375
208,41:122,40:121,+,0.229
209,41:122,18:99,+,0.333
210,36:117,20:101,+,0.121
211,36:117,20:101,+,0.121
212,36:117,20:101,+,0.121
213,36:117,20:101,+,0.162
214,36:117,20:101,+,0.121
215,36:117,20:101,+,0.137
216,36:117,20:101,+,0.121
217,36:117,20:101,+,0.137
218,36:117,20:101,+,0.121
219,19:100,20:101,+,0.137
220,19:100,20:101,+,0.162
221,19:100,20:101,+,0.137
222,19:100,20:101,+,0.137
223,19:100,33:114,+,0.364
224,19:100,20:101,+,0.137
225,19:100,20:101,+,0.162
226,19:100,20:101,+,0.121
227,19:100,20:101,+,0.121
228,19:100,33:114,+,0.25
229,24:105,20:101,+,0.162
230,24:105,20:101,+,0.162
231,24:105,20:101,+,0.137
232,24:105,20:101,+,0.121
233,24:105,20:101,+,0.137
234,24:105,30:111,+,0.302
235,24:105,30:111,+,0.302
236,24:105,20:101,+,0.121
237,24:105,20:101,+,0.121
238,24:105,20:101,+,0.137
239,26:107,20:101,+,0.162
240,26:107,31:112,+,0.308
241,22:103,20:101,+,0.162
242,22:103,20:101,+,0.162
243,22:103,20:101,+,0.121
244,22:103,20:101,+,0.162
245,13:55,20:101,+,0.121
246,13:55,6:48,+,0.179
247,13:55,11:53,+,0.333
248,13:55,14:56,+,0.442
249,13:55,6:48,+,0.379
250,17:98,20:101,+,0.162
251,17:98,20:101,+,0.162
252,17:98,20:101,+,0.121
253,17:98,20:101,+,0.137
254,15:57,14:56,+,0.438
255,15:57,13:55,+,0.615
256,15:57,20:101,+,0.121
257,15:57,14:56,+,0.438
258,15:57,14:56,+,0.438
259,7:49,20:101,+,0.121
260,7:49,20:101,+,0.121
261,7:49,9:51,+,0.667
262,7:49,16:97,+,0.287
263,18:99,20:101,+,0.137
264,18:99,41:122,+,0.429
265,18:99,20:101,+,0.137
266,18:99,20:101,+,0.121
267,18:99,20:101,+,0.137
268,18:99,20:101,+,0.162
269,18:99,20:101,+,0.162
270,18:99,20:101,+,0.121
271,18:99,20:101,+,0.137
272,14:56,13:55,+,0.455
273,14:56,20:101,+,0.162
274,14:56,13:55,+,0.455
275,14:56,6:48,+,0.179
276,12:54,20:101,+,0.121
277,12:54,20:101,+,0.121
278,12:54,20:101,+,0.121
279,12:54,1:8,+,0.5
280,38:119,41:122,+,0.27
281,38:119,20:101,+,0.162
282,23:104,17:98,+,0.258
283,23:104,20:101,+,0.137
284,23:104,26:107,+,0.2
285,25:106,31:112,+,0.375
286,25:106,20:101,+,0.121
287,4:45,34:115,+,0.176
288,37:118,10:52,+,0.429
289,37:118,20:101,+,0.162
290,37:118,20:101,+,0.121
291,37:118,18:99,+,0.333
292,42:161,3:44,+,0.331
293,2:13,16:97,+,0.429
1,30:111,20:101,+,0.146
2,30:111,30:111,,0.258
3,30:111,30:111,,0.258
4,30:111,20:101,+,0.126
5,30:111,20:101,+,0.146
6,30:111,20:101,+,0.146
7,30:111,20:101,+,0.161
8,30:111,20:101,+,0.161
9,30:111,20:101,+,0.126
10,30:111,20:101,+,0.146
11,30:111,20:101,+,0.146
12,30:111,20:101,+,0.161
13,30:111,20:101,+,0.146
14,30:111,20:101,+,0.146
15,30:111,20:101,+,0.161
16,30:111,30:111,,0.258
17,30:111,20:101,+,0.161
18,30:111,16:97,+,0.111
19,30:111,16:97,+,0.117
20,35:116,20:101,+,0.146
21,35:116,20:101,+,0.146
22,35:116,20:101,+,0.146
23,35:116,16:97,+,0.143
24,35:116,20:101,+,0.161
25,35:116,20:101,+,0.146
26,35:116,20:101,+,0.161
27,35:116,20:101,+,0.146
28,35:116,16:97,+,0.143
29,35:116,20:101,+,0.146
30,35:116,20:101,+,0.161
31,28:109,18:99,+,0.194
32,28:109,17:98,+,0.288
33,28:109,20:101,+,0.161
34,28:109,20:101,+,0.126
35,28:109,20:101,+,0.161
36,28:109,20:101,+,0.161
37,28:109,20:101,+,0.161
38,40:121,17:98,+,0.182
39,40:121,20:101,+,0.161
40,40:121,20:101,+,0.146
41,40:121,40:121,,0.343
42,31:112,16:97,+,0.111
43,31:112,22:103,+,0.383
44,31:112,21:102,+,0.273
45,31:112,40:121,+,0.385
46,31:112,30:111,+,0.258
47,31:112,20:101,+,0.126
48,33:114,20:101,+,0.146
49,33:114,20:101,+,0.126
50,33:114,20:101,+,0.161
51,33:114,19:100,+,0.214
52,33:114,20:101,+,0.161
53,33:114,6:48,+,0.193
54,33:114,20:101,+,0.161
55,33:114,20:101,+,0.146
56,33:114,20:101,+,0.146
57,33:114,20:101,+,0.126
58,33:114,20:101,+,0.146
59,33:114,20:101,+,0.126
60,33:114,20:101,+,0.161
61,33:114,20:101,+,0.126
62,33:114,20:101,+,0.146
63,33:114,16:97,+,0.111
64,3:44,33:114,+,0.172
65,3:44,34:115,+,0.267
66,3:44,3:44,,0.278
67,3:44,20:101,+,0.161
68,3:44,20:101,+,0.146
69,6:48,6:48,,0.358
70,6:48,6:48,,0.358
71,6:48,6:48,,0.25
72,6:48,6:48,,0.358
73,6:48,6:48,,0.358
74,34:115,20:101,+,0.082
75,34:115,20:101,+,0.146
76,34:115,20:101,+,0.161
77,34:115,34:115,,0.267
78,34:115,16:97,+,0.249
79,34:115,20:101,+,0.126
80,34:115,33:114,+,0.119
81,34:115,20:101,+,0.25
82,34:115,20:101,+,0.161
83,34:115,20:101,+,0.243
84,34:115,20:101,+,0.146
85,34:115,20:101,+,0.25
86,34:115,20:101,+,0.146
87,34:115,20:101,+,0.146
88,34:115,20:101,+,0.571
89,34:115,20:101,+,0.082
90,34:115,30:111,+,0.258
91,5:46,20:101,+,0.161
92,5:46,20:101,+,0.126
93,29:110,16:97,+,0.111
94,29:110,20:101,+,0.126
95,29:110,30:111,+,0.258
96,29:110,20:101,+,0.161
97,29:110,20:101,+,0.146
98,29:110,20:101,+,0.161
99,29:110,20:101,+,0.161
100,29:110,20:101,+,0.126
101,29:110,20:101,+,0.161
102,29:110,20:101,+,0.146
103,29:110,16:97,+,0.111
104,29:110,20:101,+,0.161
105,29:110,16:97,+,0.112
106,27:108,20:101,+,0.126
107,27:108,20:101,+,0.161
108,27:108,20:101,+,0.126
109,27:108,37:118,+,0.123
110,27:108,36:117,+,0.333
111,27:108,20:101,+,0.25
112,27:108,20:101,+,0.126
113,27:108,20:101,+,0.161
114,27:108,16:97,+,0.111
115,27:108,20:101,+,0.161
116,27:108,20:101,+,0.146
117,20:101,4:45,+,0.182
118,20:101,16:97,+,0.117
119,20:101,20:101,,0.126
120,20:101,20:101,,0.161
121,20:101,20:101,,0.146
122,20:101,20:101,,0.146
123,20:101,20:101,,0.126
124,20:101,20:101,,0.146
125,20:101,30:111,+,0.29
126,20:101,16:97,+,0.537
127,20:101,20:101,,0.143
128,20:101,20:101,,0.161
129,20:101,6:48,+,0.311
130,20:101,16:97,+,0.143
131,20:101,20:101,,0.161
132,20:101,16:97,+,0.091
133,20:101,20:101,,0.329
134,20:101,20:101,,0.161
135,20:101,14:56,+,0.364
136,20:101,20:101,,0.146
137,20:101,20:101,,0.161
138,20:101,20:101,,0.121
139,20:101,20:101,,0.161
140,20:101,20:101,,0.13
141,20:101,20:101,,0.126
142,20:101,20:101,,0.161
143,20:101,16:97,+,0.117
144,20:101,20:101,,0.161
145,20:101,20:101,,0.126
146,20:101,20:101,,0.161
147,20:101,20:101,,0.161
148,20:101,20:101,,0.126
149,20:101,20:101,,0.161
150,39:120,20:101,+,0.243
151,10:52,9:51,+,0.4
152,10:52,11:53,+,0.265
153,10:52,10:52,,0.378
154,10:52,12:54,+,0.238
155,44:241,8:50,+,0.238
156,44:241,16:97,+,0.143
157,44:241,18:99,+,0.194
158,1:8,20:101,+,0.161
159,1:8,31:112,+,0.286
160,1:8,3:44,+,0.278
161,1:8,1:8,,0.28
162,1:8,20:101,+,0.161
163,11:53,11:53,,0.5
164,11:53,20:101,+,0.126
165,11:53,20:101,+,0.143
166,11:53,20:101,+,0.126
167,11:53,12:54,+,0.406
168,16:97,16:97,,0.111
169,16:97,20:101,+,0.243
170,16:97,20:101,+,0.146
171,16:97,20:101,+,0.126
172,16:97,20:101,+,0.161
173,16:97,20:101,+,0.146
174,16:97,20:101,+,0.161
175,16:97,20:101,+,0.161
176,16:97,16:97,,0.111
177,16:97,20:101,+,0.161
178,16:97,20:101,+,0.146
179,16:97,20:101,+,0.161
180,16:97,20:101,+,0.126
181,16:97,20:101,+,0.161
182,16:97,20:101,+,0.126
183,16:97,20:101,+,0.146
184,16:97,20:101,+,0.146
185,16:97,20:101,+,0.161
186,16:97,20:101,+,0.161
187,16:97,20:101,+,0.146
188,16:97,20:101,+,0.146
189,16:97,20:101,+,0.121
190,16:97,20:101,+,0.161
191,16:97,6:48,+,0.193
192,16:97,12:54,+,0.238
193,32:113,40:121,+,0.385
194,32:113,20:101,+,0.161
195,32:113,20:101,+,0.126
196,32:113,31:112,+,0.286
197,8:50,20:101,+,0.143
198,8:50,9:51,+,0.455
199,8:50,10:52,+,0.378
200,8:50,9:51,+,0.193
201,9:51,9:51,,0.4
202,9:51,9:51,,0.4
203,9:51,12:54,+,0.211
204,9:51,20:101,+,0.126
205,21:102,18:99,+,0.194
206,21:102,20:101,+,0.146
207,21:102,44:241,+,0.333
208,41:122,20:101,+,0.146
209,41:122,41:122,,0.333
210,36:117,4:45,+,0.182
211,36:117,20:101,+,0.126
212,36:117,20:101,+,0.126
213,36:117,20:101,+,0.13
214,36:117,20:101,+,0.161
215,36:117,30:111,+,0.258
216,36:117,20:101,+,0.126
217,36:117,20:101,+,0.146
218,36:117,20:101,+,0.161
219,19:100,16:97,+,0.091
220,19:100,16:97,+,0.143
221,19:100,16:97,+,0.111
222,19:100,16:97,+,0.117
223,19:100,12:54,+,0.211
224,19:100,20:101,+,0.126
225,19:100,20:101,+,0.161
226,19:100,20:101,+,0.126
227,19:100,20:101,+,0.146
228,19:100,20:101,+,0.161
229,24:105,20:101,+,0.161
230,24:105,20:101,+,0.146
231,24:105,20:101,+,0.126
232,24:105,20:101,+,0.126
233,24:105,20:101,+,0.161
234,24:105,20:101,+,0.161
235,24:105,20:101,+,0.146
236,24:105,19:100,+,0.214
237,24:105,20:101,+,0.161
238,24:105,20:101,+,0.126
239,26:107,21:102,+,0.273
240,26:107,20:101,+,0.161
241,22:103,28:109,+,0.193
242,22:103,40:121,+,0.385
243,22:103,20:101,+,0.161
244,22:103,20:101,+,0.161
245,13:55,12:54,+,0.406
246,13:55,13:55,,0.61
247,13:55,20:101,+,0.243
248,13:55,16:97,+,0.188
249,17:98,30:111,+,0.258
250,17:98,20:101,+,0.126
251,17:98,20:101,+,0.161
252,17:98,20:101,+,0.144
253,17:98,20:101,+,0.161
254,15:57,20:101,+,0.143
255,15:57,6:48,+,0.25
256,15:57,20:101,+,0.243
257,15:57,20:101,+,0.143
258,15:57,14:56,+,0.375
259,7:49,7:49,,0.393
260,7:49,10:52,+,0.378
261,7:49,10:52,+,0.378
262,7:49,8:50,+,0.857
263,18:99,20:101,+,0.161
264,18:99,37:118,+,0.138
265,18:99,20:101,+,0.143
266,18:99,20:101,+,0.329
267,18:99,20:101,+,0.082
268,18:99,20:101,+,0.161
269,18:99,20:101,+,0.161
270,18:99,20:101,+,0.161
271,18:99,20:101,+,0.126
272,14:56,20:101,+,0.243
273,14:56,37:118,+,0.138
274,14:56,15:57,+,0.857
275,14:56,11:53,+,0.265
276,12:54,13:55,+,0.323
277,12:54,14:56,+,0.375
278,12:54,15:57,+,0.289
279,12:54,13:55,+,0.323
280,38:119,38:119,,0.174
281,38:119,31:112,+,0.286
282,23:104,38:119,+,0.174
283,23:104,40:121,+,0.385
284,23:104,21:102,+,0.273
285,25:106,38:119,+,0.174
286,25:106,16:97,+,0.111
287,4:45,1:8,+,0.75
288,37:118,20:101,+,0.121
289,37:118,22:103,+,0.383
290,37:118,30:111,+,0.258
291,37:118,20:101,+,0.161
292,42:161,20:101,+,0.161
293,2:13,20:101,+,0.126

